Timestamp,Asset,Ticker,Price,Change_Percent,Date,Time
,Silver Spot,SI=F,64.93,0.02,2026-09-11,16:43:16
,Crude Oil Spot,CL=F,100.0,-0.15,2026-09-11,16:43:16
,NASDAQ 100 Index,^NDX,29392.49,-0.01,2026-09-11,16:43:16
,HDFC Bank ADR,HDB,22.82,0.35,2026-09-11,16:43:16
,Infosys ADR,INFY,10.9,0.0,2026-09-11,16:43:16
,ICICI Bank ADR,IBN,29.17,0.03,2026-09-11,16:43:16
,Dr. Reddy ADR,RDY,11.97,0.08,2026-09-11,16:43:16
,Gold Spot,GC=F,4406.7,0.0,2026-09-11,16:56:06
,Silver Spot,SI=F,64.98,-0.03,2026-09-11,16:56:06
,Crude Oil Spot,CL=F,99.74,0.03,2026-09-11,16:56:06
,NASDAQ 100 Index,^NDX,29411.14,-0.0,2026-09-11,16:56:06
,HDFC Bank ADR,HDB,23.03,0.13,2026-09-11,16:56:06
,Infosys ADR,INFY,10.91,0.0,2026-09-11,16:56:06
,Wipro ADR,WIT,1.69,0.6,2026-09-11,16:56:06
,ICICI Bank ADR,IBN,29.31,0.03,2026-09-11,16:56:06
,Gold Spot,GC=F,4404.9,0.01,2026-09-11,17:16:04
,Silver Spot,SI=F,65.04,0.02,2026-09-11,17:16:04
,Crude Oil Spot,CL=F,100.15,0.0,2026-09-11,17:16:04
,NASDAQ 100 Index,^NDX,29422.16,0.02,2026-09-11,17:16:04
,HDFC Bank ADR,HDB,23.02,-0.3,2026-09-11,17:16:04
,Infosys ADR,INFY,10.95,0.0,2026-09-11,17:16:04
,ICICI Bank ADR,IBN,29.29,-0.07,2026-09-11,17:16:04
,Dr. Reddy ADR,RDY,11.98,0.0,2026-09-11,17:16:04
,Gold Spot,GC=F,4411.2,0.03,2026-09-11,17:41:37
,Silver Spot,SI=F,65.18,0.06,2026-09-11,17:41:37
,Crude Oil Spot,CL=F,99.39,-0.04,2026-09-11,17:41:37
,NASDAQ 100 Index,^NDX,29438.32,-0.03,2026-09-11,17:41:37
,HDFC Bank ADR,HDB,23.47,-0.13,2026-09-11,17:41:37
,Infosys ADR,INFY,10.97,0.0,2026-09-11,17:41:37
,ICICI Bank ADR,IBN,29.35,-0.07,2026-09-11,17:41:37
,Gold Spot,GC=F,4404.5,0.01,2026-09-11,17:54:24
,Silver Spot,SI=F,65.04,0.02,2026-09-11,17:54:24
,Crude Oil Spot,CL=F,99.89,0.06,2026-09-11,17:54:24
,NASDAQ 100 Index,^NDX,29445.99,-0.0,2026-09-11,17:54:24
,HDFC Bank ADR,HDB,23.31,-0.17,2026-09-11,17:54:24
,Infosys ADR,INFY,10.95,-0.09,2026-09-11,17:54:24
,Wipro ADR,WIT,1.68,0.0,2026-09-11,17:54:24
,ICICI Bank ADR,IBN,29.33,-0.03,2026-09-11,17:54:24
,Dr. Reddy ADR,RDY,11.97,0.0,2026-09-11,17:54:24
,Gold Spot,GC=F,4398.5,-0.01,2026-09-11,18:18:15
,Silver Spot,SI=F,64.97,-0.05,2026-09-11,18:18:15
,Crude Oil Spot,CL=F,99.62,-0.02,2026-09-11,18:18:15
,NASDAQ 100 Index,^NDX,29425.01,0.01,2026-09-11,18:18:15
,HDFC Bank ADR,HDB,23.18,-0.09,2026-09-11,18:18:15
,Wipro ADR,WIT,1.7,0.0,2026-09-11,18:18:15
,Dr. Reddy ADR,RDY,11.95,0.0,2026-09-11,18:18:15
,Gold Spot,GC=F,4389.0,-0.0,2026-09-11,18:44:15
,Silver Spot,SI=F,64.81,0.03,2026-09-11,18:44:15
,Crude Oil Spot,CL=F,99.97,0.02,2026-09-11,18:44:15
,NASDAQ 100 Index,^NDX,29417.44,-0.01,2026-09-11,18:44:15
,HDFC Bank ADR,HDB,23.2,0.0,2026-09-11,18:44:15
,Infosys ADR,INFY,10.98,0.0,2026-09-11,18:44:15
,ICICI Bank ADR,IBN,29.26,-0.03,2026-09-11,18:44:15
,Dr. Reddy ADR,RDY,11.94,0.0,2026-09-11,18:44:15
,Gold Spot,GC=F,4387.6,0.0,2026-09-11,18:56:54
,Silver Spot,SI=F,64.76,-0.03,2026-09-11,18:56:54
,Crude Oil Spot,CL=F,100.42,-0.02,2026-09-11,18:56:54
,NASDAQ 100 Index,^NDX,29419.06,0.02,2026-09-11,18:56:54
,HDFC Bank ADR,HDB,23.12,-0.13,2026-09-11,18:56:54
,Infosys ADR,INFY,10.99,-0.09,2026-09-11,18:56:54
,Wipro ADR,WIT,1.69,0.0,2026-09-11,18:56:54
,ICICI Bank ADR,IBN,29.25,-0.03,2026-09-11,18:56:54
,Gold Spot,GC=F,4388.0,-0.02,2026-09-11,19:16:16
,Silver Spot,SI=F,64.8,-0.03,2026-09-11,19:16:16
,Crude Oil Spot,CL=F,100.5,0.04,2026-09-11,19:16:16
,NASDAQ 100 Index,^NDX,29396.03,0.01,2026-09-11,19:16:16
,HDFC Bank ADR,HDB,23.23,-0.04,2026-09-11,19:16:16
,Infosys ADR,INFY,11.05,0.0,2026-09-11,19:16:16
,ICICI Bank ADR,IBN,29.33,0.0,2026-09-11,19:16:16
,Dr. Reddy ADR,RDY,11.93,0.0,2026-09-11,19:16:16
,Gold Spot,GC=F,4389.8,0.0,2026-09-11,19:40:56
,Silver Spot,SI=F,64.94,0.03,2026-09-11,19:40:56
,Crude Oil Spot,CL=F,100.49,-0.11,2026-09-11,19:40:56
,NASDAQ 100 Index,^NDX,29398.15,0.01,2026-09-11,19:40:56
,HDFC Bank ADR,HDB,23.4,0.0,2026-09-11,19:40:56
,Infosys ADR,INFY,11.1,-0.09,2026-09-11,19:40:56
,ICICI Bank ADR,IBN,29.35,0.0,2026-09-11,19:40:56
,Gold Spot,GC=F,4389.5,0.02,2026-09-11,19:53:42
,Silver Spot,SI=F,64.89,-0.03,2026-09-11,19:53:42
,Crude Oil Spot,CL=F,100.65,-0.06,2026-09-11,19:53:42
,NASDAQ 100 Index,^NDX,29383.98,0.03,2026-09-11,19:53:42
,HDFC Bank ADR,HDB,23.3,-0.04,2026-09-11,19:53:42
,Infosys ADR,INFY,11.11,0.0,2026-09-11,19:53:42
,ICICI Bank ADR,IBN,29.38,0.03,2026-09-11,19:53:42
,Gold Spot,GC=F,4392.0,-0.0,2026-09-11,20:16:15
,Silver Spot,SI=F,64.95,0.03,2026-09-11,20:16:15
,Crude Oil Spot,CL=F,100.45,-0.03,2026-09-11,20:16:15
,NASDAQ 100 Index,^NDX,29365.42,-0.02,2026-09-11,20:16:15
,HDFC Bank ADR,HDB,23.32,-0.04,2026-09-11,20:16:15
,Infosys ADR,INFY,11.07,0.0,2026-09-11,20:16:15
,ICICI Bank ADR,IBN,29.39,0.0,2026-09-11,20:16:15
,Dr. Reddy ADR,RDY,11.89,-0.08,2026-09-11,20:16:15
,Gold Spot,GC=F,4389.4,-0.01,2026-09-11,20:42:46
,Silver Spot,SI=F,64.93,0.0,2026-09-11,20:42:46
,Crude Oil Spot,CL=F,100.37,0.03,2026-09-11,20:42:46
,Silver Spot,SI=F,64.96,0.03,2026-09-11,20:56:15
,Crude Oil Spot,CL=F,100.22,-0.03,2026-09-11,20:56:15
,Gold Spot,GC=F,4390.0,-0.02,2026-09-11,21:15:49
,Silver Spot,SI=F,65.02,0.0,2026-09-11,21:15:49
,Crude Oil Spot,CL=F,99.99,-0.01,2026-09-11,21:15:49
,Gold Spot,GC=F,4387.4,0.02,2026-09-14,00:23:42
,Silver Spot,SI=F,64.68,0.0,2026-09-14,00:23:42
,Crude Oil Spot,CL=F,102.41,0.01,2026-09-14,00:23:42
,Gold Spot,GC=F,4374.7,0.01,2026-09-14,00:48:03
,Silver Spot,SI=F,64.38,0.03,2026-09-14,00:48:03
,Crude Oil Spot,CL=F,102.84,-0.08,2026-09-14,00:48:03
,Gold Spot,GC=F,4374.3,0.04,2026-09-14,01:15:38
,Silver Spot,SI=F,64.35,0.05,2026-09-14,01:15:38
,Crude Oil Spot,CL=F,103.22,-0.1,2026-09-14,01:15:38
,Gold Spot,GC=F,4373.0,-0.03,2026-09-14,01:42:46
,Silver Spot,SI=F,64.5,-0.09,2026-09-14,01:42:46
,Crude Oil Spot,CL=F,103.08,0.2,2026-09-14,01:42:46
,Gold Spot,GC=F,4385.2,-0.01,2026-09-14,01:57:30
,Silver Spot,SI=F,64.64,0.0,2026-09-14,01:57:30
,Crude Oil Spot,CL=F,102.41,0.01,2026-09-14,01:57:30
,Gold Spot,GC=F,4395.6,-0.01,2026-09-14,02:19:20
,Silver Spot,SI=F,64.8,-0.02,2026-09-14,02:19:20
,Crude Oil Spot,CL=F,102.39,0.04,2026-09-14,02:19:20
,Gold Spot,GC=F,4396.0,0.04,2026-09-14,02:43:48
,Silver Spot,SI=F,64.9,0.02,2026-09-14,02:43:48
,Crude Oil Spot,CL=F,102.46,-0.03,2026-09-14,02:43:48
,Gold Spot,GC=F,4387.1,-0.02,2026-09-14,02:58:02
,Silver Spot,SI=F,64.65,0.0,2026-09-14,02:58:02
,Crude Oil Spot,CL=F,102.78,0.03,2026-09-14,02:58:02
,Gold Spot,GC=F,4374.6,-0.05,2026-09-14,03:20:01
,Silver Spot,SI=F,64.58,0.03,2026-09-14,03:20:01
,Crude Oil Spot,CL=F,102.9,-0.07,2026-09-14,03:20:01
,Gold Spot,GC=F,4370.8,-0.01,2026-09-14,03:45:03
,Silver Spot,SI=F,64.43,-0.05,2026-09-14,03:45:03
,Crude Oil Spot,CL=F,103.31,0.03,2026-09-14,03:45:03
,Gold Spot,GC=F,4370.6,-0.02,2026-09-14,03:59:03
,Silver Spot,SI=F,64.45,-0.06,2026-09-14,03:59:03
,Crude Oil Spot,CL=F,103.24,0.04,2026-09-14,03:59:03
,Gold Spot,GC=F,4370.1,-0.01,2026-09-14,04:21:13
,Silver Spot,SI=F,64.44,-0.03,2026-09-14,04:21:13
,Crude Oil Spot,CL=F,102.97,0.01,2026-09-14,04:21:13
,Gold Spot,GC=F,4368.1,0.0,2026-09-14,04:45:16
,Silver Spot,SI=F,64.39,0.02,2026-09-14,04:45:16
,Crude Oil Spot,CL=F,102.91,-0.13,2026-09-14,04:45:16
,Gold Spot,GC=F,4365.3,0.02,2026-09-14,04:59:36
,Silver Spot,SI=F,64.36,0.05,2026-09-14,04:59:36
,Crude Oil Spot,CL=F,102.73,-0.02,2026-09-14,04:59:36
,Gold Spot,GC=F,4368.3,-0.02,2026-09-14,05:20:23
,Silver Spot,SI=F,64.4,-0.08,2026-09-14,05:20:23
,Crude Oil Spot,CL=F,102.65,0.01,2026-09-14,05:20:23
,Gold Spot,GC=F,4375.2,0.0,2026-09-14,05:43:04
,Silver Spot,SI=F,64.53,0.05,2026-09-14,05:43:04
,Crude Oil Spot,CL=F,102.4,-0.18,2026-09-14,05:43:04
,Gold Spot,GC=F,4371.7,0.04,2026-09-14,05:56:53
,Silver Spot,SI=F,64.35,0.06,2026-09-14,05:56:53
,Crude Oil Spot,CL=F,102.28,-0.12,2026-09-14,05:56:53
,Gold Spot,GC=F,4369.8,-0.02,2026-09-14,06:25:41
,Silver Spot,SI=F,64.37,-0.02,2026-09-14,06:25:41
,Crude Oil Spot,CL=F,102.04,-0.09,2026-09-14,06:25:41
,Gold Spot,GC=F,4368.4,0.0,2026-09-14,06:50:03
,Silver Spot,SI=F,64.24,0.03,2026-09-14,06:50:03
,Crude Oil Spot,CL=F,102.39,-0.01,2026-09-14,06:50:03
,Gold Spot,GC=F,4360.4,-0.03,2026-09-14,07:17:49
,Silver Spot,SI=F,64.08,-0.05,2026-09-14,07:17:49
,Crude Oil Spot,CL=F,103.0,0.04,2026-09-14,07:17:49
,Reliance Industries GDR,RIGD.IL,52.6,0.38,2026-09-14,07:17:49
,Gold Spot,GC=F,4357.0,0.0,2026-09-14,07:45:16
,Silver Spot,SI=F,64.04,-0.02,2026-09-14,07:45:16
,Crude Oil Spot,CL=F,102.87,0.06,2026-09-14,07:45:16
,Gold Spot,GC=F,4358.3,0.03,2026-09-14,07:59:46
,Silver Spot,SI=F,64.07,0.11,2026-09-14,07:59:46
,Crude Oil Spot,CL=F,103.16,-0.09,2026-09-14,07:59:46
,Gold Spot,GC=F,4353.5,-0.01,2026-09-14,08:23:09
,Silver Spot,SI=F,63.85,0.0,2026-09-14,08:23:09
,Crude Oil Spot,CL=F,102.75,-0.01,2026-09-14,08:23:09
,Reliance Industries GDR,RIGD.IL,52.5,0.0,2026-09-14,08:23:09
,Gold Spot,GC=F,4355.0,0.03,2026-09-14,08:47:01
,Crude Oil Spot,CL=F,103.34,-0.06,2026-09-14,08:47:01
,Gold Spot,GC=F,4348.4,-0.01,2026-09-14,09:18:10
,Silver Spot,SI=F,63.7,0.0,2026-09-14,09:18:10
,Crude Oil Spot,CL=F,103.26,0.04,2026-09-14,09:18:10
,Gold Spot,GC=F,4327.6,0.01,2026-09-14,09:45:09
,Silver Spot,SI=F,63.05,-0.02,2026-09-14,09:45:09
,Crude Oil Spot,CL=F,103.0,0.0,2026-09-14,09:45:09
,Reliance Industries GDR,RIGD.IL,52.4,0.19,2026-09-14,09:45:09
,Gold Spot,GC=F,4321.3,0.0,2026-09-14,09:59:55
,Silver Spot,SI=F,62.83,0.0,2026-09-14,09:59:55
,Crude Oil Spot,CL=F,102.72,0.11,2026-09-14,09:59:55
,Gold Spot,GC=F,4325.6,-0.01,2026-09-14,10:21:27
,Silver Spot,SI=F,63.12,0.0,2026-09-14,10:21:27
,Crude Oil Spot,CL=F,102.62,0.0,2026-09-14,10:21:27
,Reliance Industries GDR,RIGD.IL,52.5,0.19,2026-09-14,10:21:27
,Gold Spot,GC=F,4331.2,0.0,2026-09-14,10:45:13
,Silver Spot,SI=F,63.29,-0.06,2026-09-14,10:45:13
,Crude Oil Spot,CL=F,102.33,0.01,2026-09-14,10:45:13
,Gold Spot,GC=F,4332.4,0.0,2026-09-14,10:58:08
,Crude Oil Spot,CL=F,102.41,0.05,2026-09-14,10:58:08
,Gold Spot,GC=F,4334.9,-0.01,2026-09-14,11:19:49
,Silver Spot,SI=F,63.37,0.03,2026-09-14,11:19:49
,Crude Oil Spot,CL=F,102.48,-0.09,2026-09-14,11:19:49
,Silver Spot,SI=F,63.53,0.03,2026-09-14,11:44:58
,Crude Oil Spot,CL=F,103.24,0.05,2026-09-14,11:44:58
,Gold Spot,GC=F,4332.9,0.01,2026-09-14,11:59:15
,Silver Spot,SI=F,63.42,0.0,2026-09-14,11:59:15
,Crude Oil Spot,CL=F,103.39,-0.02,2026-09-14,11:59:15
,Gold Spot,GC=F,4336.4,0.01,2026-09-14,12:26:46
,Silver Spot,SI=F,63.63,0.17,2026-09-14,12:26:46
,Crude Oil Spot,CL=F,103.08,-0.01,2026-09-14,12:26:46
,Reliance Industries GDR,RIGD.IL,52.4,-0.19,2026-09-14,12:26:46
,Gold Spot,GC=F,4323.3,0.02,2026-09-14,12:51:02
,Silver Spot,SI=F,63.44,0.05,2026-09-14,12:51:02
,Crude Oil Spot,CL=F,104.72,-0.02,2026-09-14,12:51:02
,Gold Spot,GC=F,4300.6,-0.04,2026-09-14,13:18:32
,Silver Spot,SI=F,63.08,0.0,2026-09-14,13:18:32
,Crude Oil Spot,CL=F,104.24,0.06,2026-09-14,13:18:32
,Reliance Industries GDR,RIGD.IL,52.3,0.19,2026-09-14,13:18:32
,Gold Spot,GC=F,4310.9,-0.04,2026-09-14,13:46:35
,Silver Spot,SI=F,63.42,-0.03,2026-09-14,13:46:35
,Crude Oil Spot,CL=F,103.72,-0.02,2026-09-14,13:46:35
,NASDAQ 100 Index,^NDX,28974.97,0.06,2026-09-14,13:46:35
,HDFC Bank ADR,HDB,23.05,0.13,2026-09-14,13:46:35
,Infosys ADR,INFY,11.38,0.09,2026-09-14,13:46:35
,Wipro ADR,WIT,1.72,0.0,2026-09-14,13:46:35
,ICICI Bank ADR,IBN,29.12,-0.03,2026-09-14,13:46:35
,Dr. Reddy ADR,RDY,11.91,-0.17,2026-09-14,13:46:35
,Gold Spot,GC=F,4308.6,-0.0,2026-09-14,14:17:59
,Silver Spot,SI=F,63.34,-0.05,2026-09-14,14:17:59
,Crude Oil Spot,CL=F,104.17,-0.05,2026-09-14,14:17:59
,NASDAQ 100 Index,^NDX,29030.03,-0.02,2026-09-14,14:17:59
,HDFC Bank ADR,HDB,23.0,0.09,2026-09-14,14:17:59
,Infosys ADR,INFY,11.44,0.0,2026-09-14,14:17:59
,ICICI Bank ADR,IBN,29.18,0.0,2026-09-14,14:17:59
,Dr. Reddy ADR,RDY,11.9,0.0,2026-09-14,14:17:59
,Gold Spot,GC=F,4309.3,-0.01,2026-09-14,14:47:53
,Silver Spot,SI=F,63.35,0.06,2026-09-14,14:47:53
,Crude Oil Spot,CL=F,103.79,0.01,2026-09-14,14:47:53
,NASDAQ 100 Index,^NDX,28985.99,-0.03,2026-09-14,14:47:53
,HDFC Bank ADR,HDB,22.98,0.04,2026-09-14,14:47:53
,Dr. Reddy ADR,RDY,11.88,0.0,2026-09-14,14:47:53
,Reliance Industries GDR,RIGD.IL,52.2,-0.19,2026-09-14,14:47:53
,Gold Spot,GC=F,4322.4,-0.05,2026-09-14,15:18:22
,Silver Spot,SI=F,63.62,0.0,2026-09-14,15:18:22
,Crude Oil Spot,CL=F,102.74,0.02,2026-09-14,15:18:22
,NASDAQ 100 Index,^NDX,29039.73,0.02,2026-09-14,15:18:22
,HDFC Bank ADR,HDB,22.99,0.0,2026-09-14,15:18:22
,Infosys ADR,INFY,11.49,0.0,2026-09-14,15:18:22
,Wipro ADR,WIT,1.73,0.0,2026-09-14,15:18:22
,ICICI Bank ADR,IBN,29.2,0.0,2026-09-14,15:18:22
,Dr. Reddy ADR,RDY,11.9,0.0,2026-09-14,15:18:22
,Reliance Industries GDR,RIGD.IL,52.3,0.0,2026-09-14,15:18:22
,Gold Spot,GC=F,4334.9,0.01,2026-09-14,15:45:59
,Silver Spot,SI=F,63.87,0.02,2026-09-14,15:45:59
,Crude Oil Spot,CL=F,102.73,0.11,2026-09-14,15:45:59
,NASDAQ 100 Index,^NDX,29178.51,-0.02,2026-09-14,15:45:59
,HDFC Bank ADR,HDB,23.15,0.0,2026-09-14,15:45:59
,Infosys ADR,INFY,11.48,-0.09,2026-09-14,15:45:59
,Wipro ADR,WIT,1.74,0.58,2026-09-14,15:45:59
,ICICI Bank ADR,IBN,29.3,-0.03,2026-09-14,15:45:59
,Gold Spot,GC=F,4330.3,0.02,2026-09-14,16:16:29
,Silver Spot,SI=F,63.77,0.02,2026-09-14,16:16:29
,Crude Oil Spot,CL=F,102.5,-0.07,2026-09-14,16:16:29
,NASDAQ 100 Index,^NDX,29182.62,0.0,2026-09-14,16:16:29
,HDFC Bank ADR,HDB,23.11,0.0,2026-09-14,16:16:29
,Infosys ADR,INFY,11.56,0.0,2026-09-14,16:16:29
,Wipro ADR,WIT,1.73,0.0,2026-09-14,16:16:29
,ICICI Bank ADR,IBN,29.27,0.0,2026-09-14,16:16:29
,Dr. Reddy ADR,RDY,11.92,0.08,2026-09-14,16:16:29
,Gold Spot,GC=F,4342.4,0.02,2026-09-14,16:45:50
,Silver Spot,SI=F,63.94,0.03,2026-09-14,16:45:50
,Crude Oil Spot,CL=F,102.77,-0.04,2026-09-14,16:45:50
,NASDAQ 100 Index,^NDX,29197.91,0.02,2026-09-14,16:45:50
,HDFC Bank ADR,HDB,23.15,-0.04,2026-09-14,16:45:50
,Infosys ADR,INFY,11.6,-0.09,2026-09-14,16:45:50
,Wipro ADR,WIT,1.75,0.0,2026-09-14,16:45:50
,ICICI Bank ADR,IBN,29.33,-0.03,2026-09-14,16:45:50
,Dr. Reddy ADR,RDY,11.9,0.0,2026-09-14,16:45:50
,Gold Spot,GC=F,4355.1,0.03,2026-09-14,17:14:25
,Silver Spot,SI=F,64.24,0.05,2026-09-14,17:14:25
,Crude Oil Spot,CL=F,101.46,-0.08,2026-09-14,17:14:25
,NASDAQ 100 Index,^NDX,29239.58,-0.01,2026-09-14,17:14:25
,HDFC Bank ADR,HDB,23.07,-0.04,2026-09-14,17:14:25
,Infosys ADR,INFY,11.61,0.0,2026-09-14,17:14:25
,ICICI Bank ADR,IBN,29.36,0.03,2026-09-14,17:14:25
,Gold Spot,GC=F,4351.0,0.02,2026-09-14,17:31:39
,Silver Spot,SI=F,64.14,0.0,2026-09-14,17:31:39
,Crude Oil Spot,CL=F,101.97,0.07,2026-09-14,17:31:39
,NASDAQ 100 Index,^NDX,29257.59,-0.01,2026-09-14,17:31:39
,Infosys ADR,INFY,11.62,0.09,2026-09-14,17:31:39
,ICICI Bank ADR,IBN,29.33,0.0,2026-09-14,17:31:39
,Gold Spot,GC=F,4350.3,-0.0,2026-09-14,17:55:13
,Silver Spot,SI=F,64.13,-0.02,2026-09-14,17:55:13
,Crude Oil Spot,CL=F,101.49,-0.02,2026-09-14,17:55:13
,NASDAQ 100 Index,^NDX,29278.71,0.01,2026-09-14,17:55:13
,HDFC Bank ADR,HDB,23.09,-0.04,2026-09-14,17:55:13
,Infosys ADR,INFY,11.59,0.0,2026-09-14,17:55:13
,ICICI Bank ADR,IBN,29.27,0.03,2026-09-14,17:55:13
,Dr. Reddy ADR,RDY,11.89,-0.08,2026-09-14,17:55:13
,Gold Spot,GC=F,4351.6,0.01,2026-09-14,18:18:23
,Silver Spot,SI=F,64.18,0.05,2026-09-14,18:18:23
,Crude Oil Spot,CL=F,101.29,-0.01,2026-09-14,18:18:23
,NASDAQ 100 Index,^NDX,29256.87,0.0,2026-09-14,18:18:23
,HDFC Bank ADR,HDB,23.08,0.04,2026-09-14,18:18:23
,Infosys ADR,INFY,11.6,0.09,2026-09-14,18:18:23
,Wipro ADR,WIT,1.76,0.57,2026-09-14,18:18:23
,Dr. Reddy ADR,RDY,11.9,0.0,2026-09-14,18:18:23
,Gold Spot,GC=F,4352.2,-0.01,2026-09-14,18:47:51
,Silver Spot,SI=F,64.24,-0.02,2026-09-14,18:47:51
,Crude Oil Spot,CL=F,100.59,-0.04,2026-09-14,18:47:51
,NASDAQ 100 Index,^NDX,29238.47,-0.0,2026-09-14,18:47:51
,HDFC Bank ADR,HDB,23.05,-0.04,2026-09-14,18:47:51
,Wipro ADR,WIT,1.74,0.0,2026-09-14,18:47:51
,ICICI Bank ADR,IBN,29.29,-0.03,2026-09-14,18:47:51
,Gold Spot,GC=F,4346.2,-0.01,2026-09-14,19:16:16
,Silver Spot,SI=F,64.13,-0.02,2026-09-14,19:16:16
,Crude Oil Spot,CL=F,100.83,-0.05,2026-09-14,19:16:16
,NASDAQ 100 Index,^NDX,29206.56,0.01,2026-09-14,19:16:16
,HDFC Bank ADR,HDB,23.03,0.0,2026-09-14,19:16:16
,Infosys ADR,INFY,11.61,0.0,2026-09-14,19:16:16
,Wipro ADR,WIT,1.75,0.0,2026-09-14,19:16:16
,ICICI Bank ADR,IBN,29.31,0.03,2026-09-14,19:16:16
,Gold Spot,GC=F,4337.4,0.0,2026-09-14,19:42:35
,Silver Spot,SI=F,63.88,-0.02,2026-09-14,19:42:35
,Crude Oil Spot,CL=F,101.25,0.05,2026-09-14,19:42:35
,NASDAQ 100 Index,^NDX,29197.25,-0.0,2026-09-14,19:42:35
,HDFC Bank ADR,HDB,23.0,0.04,2026-09-14,19:42:35
,ICICI Bank ADR,IBN,29.26,0.0,2026-09-14,19:42:35
,Dr. Reddy ADR,RDY,11.88,0.0,2026-09-14,19:42:35
,Gold Spot,GC=F,4331.0,-0.03,2026-09-14,19:56:39
,Silver Spot,SI=F,63.79,-0.05,2026-09-14,19:56:39
,Crude Oil Spot,CL=F,101.76,0.15,2026-09-14,19:56:39
,NASDAQ 100 Index,^NDX,29151.96,0.04,2026-09-14,19:56:39
,HDFC Bank ADR,HDB,22.92,-0.04,2026-09-14,19:56:39
,Infosys ADR,INFY,11.6,0.0,2026-09-14,19:56:39
,Wipro ADR,WIT,1.77,0.57,2026-09-14,19:56:39
,Dr. Reddy ADR,RDY,11.87,-0.08,2026-09-14,19:56:39
,Gold Spot,GC=F,4326.4,0.01,2026-09-14,20:17:53
,Silver Spot,SI=F,63.57,-0.02,2026-09-14,20:17:53
,Crude Oil Spot,CL=F,101.74,-0.02,2026-09-14,20:17:53
,NASDAQ 100 Index,^NDX,29131.44,-0.05,2026-09-14,20:17:53
,HDFC Bank ADR,HDB,22.89,-0.09,2026-09-14,20:17:53
,ICICI Bank ADR,IBN,29.25,-0.03,2026-09-14,20:17:53
,Dr. Reddy ADR,RDY,11.91,0.08,2026-09-14,20:17:53
,Gold Spot,GC=F,4339.4,0.02,2026-09-14,20:42:53
,Silver Spot,SI=F,63.72,0.0,2026-09-14,20:42:53
,Crude Oil Spot,CL=F,101.96,-0.01,2026-09-14,20:42:53
,Gold Spot,GC=F,4336.2,0.0,2026-09-14,20:57:16
,Silver Spot,SI=F,63.71,0.02,2026-09-14,20:57:16
,Crude Oil Spot,CL=F,101.98,0.05,2026-09-14,20:57:16
,Gold Spot,GC=F,4340.0,0.01,2026-09-14,21:17:45
,Silver Spot,SI=F,63.76,0.0,2026-09-14,21:17:45
,Crude Oil Spot,CL=F,101.89,0.04,2026-09-14,21:17:45
,Gold Spot,GC=F,4337.8,-0.01,2026-09-14,22:18:41
,Silver Spot,SI=F,63.71,-0.02,2026-09-14,22:18:41
,Crude Oil Spot,CL=F,101.93,-0.02,2026-09-14,22:18:41
,Gold Spot,GC=F,4337.7,-0.01,2026-09-14,22:43:42
,Silver Spot,SI=F,63.74,-0.03,2026-09-14,22:43:42
,Crude Oil Spot,CL=F,101.88,-0.03,2026-09-14,22:43:42
,Gold Spot,GC=F,4336.2,-0.0,2026-09-14,22:57:21
,Crude Oil Spot,CL=F,101.93,0.01,2026-09-14,22:57:21
,Gold Spot,GC=F,4334.0,-0.03,2026-09-14,23:16:46
,Silver Spot,SI=F,63.69,0.0,2026-09-14,23:16:46
,Crude Oil Spot,CL=F,101.97,-0.01,2026-09-14,23:16:46
,Gold Spot,GC=F,4331.1,0.01,2026-09-14,23:41:00
,Silver Spot,SI=F,63.67,0.02,2026-09-14,23:41:00
,Crude Oil Spot,CL=F,102.08,-0.01,2026-09-14,23:41:00
,Gold Spot,GC=F,4330.1,0.01,2026-09-14,23:53:56
,Silver Spot,SI=F,63.65,0.0,2026-09-14,23:53:56
,Crude Oil Spot,CL=F,102.07,0.0,2026-09-14,23:53:56
,Gold Spot,GC=F,4326.0,0.03,2026-09-15,00:23:34
,Silver Spot,SI=F,63.51,0.03,2026-09-15,00:23:34
,Crude Oil Spot,CL=F,102.26,-0.03,2026-09-15,00:23:34
,Gold Spot,GC=F,4328.0,0.0,2026-09-15,00:48:33
,Silver Spot,SI=F,63.46,-0.02,2026-09-15,00:48:33
,Crude Oil Spot,CL=F,102.71,-0.01,2026-09-15,00:48:33
,Gold Spot,GC=F,4337.4,0.03,2026-09-15,01:17:16
,Silver Spot,SI=F,63.81,0.09,2026-09-15,01:17:16
,Crude Oil Spot,CL=F,102.54,-0.01,2026-09-15,01:17:16
,Gold Spot,GC=F,4343.3,-0.03,2026-09-15,01:44:46
,Silver Spot,SI=F,63.93,-0.02,2026-09-15,01:44:46
,Crude Oil Spot,CL=F,102.3,0.05,2026-09-15,01:44:46
,Gold Spot,GC=F,4337.9,-0.05,2026-09-15,02:00:29
,Silver Spot,SI=F,63.71,-0.11,2026-09-15,02:00:29
,Crude Oil Spot,CL=F,102.73,0.09,2026-09-15,02:00:29
,Gold Spot,GC=F,4347.3,0.0,2026-09-15,02:31:21
,Silver Spot,SI=F,63.94,0.0,2026-09-15,02:31:21
,Crude Oil Spot,CL=F,102.72,0.0,2026-09-15,02:31:21
,Gold Spot,GC=F,4353.9,0.03,2026-09-15,02:56:28
,Silver Spot,SI=F,63.96,0.03,2026-09-15,02:56:28
,Crude Oil Spot,CL=F,103.11,0.04,2026-09-15,02:56:28
,Gold Spot,GC=F,4354.3,0.01,2026-09-15,03:19:11
,Silver Spot,SI=F,64.03,-0.05,2026-09-15,03:19:11
,Crude Oil Spot,CL=F,102.91,0.01,2026-09-15,03:19:11
,Gold Spot,GC=F,4353.8,0.01,2026-09-15,03:45:44
,Crude Oil Spot,CL=F,102.78,-0.05,2026-09-15,03:45:44
,Nifty 50 Index,^NSEI,23508.65,0.47,2026-09-15,03:45:44
,Gold Spot,GC=F,4344.3,-0.0,2026-09-15,04:16:57
,Silver Spot,SI=F,63.83,-0.02,2026-09-15,04:16:57
,Crude Oil Spot,CL=F,102.93,0.01,2026-09-15,04:16:57
,Nifty 50 Index,^NSEI,23437.6,-0.01,2026-09-15,04:16:57
,Gold Spot,GC=F,4342.9,-0.01,2026-09-15,04:46:01
,Silver Spot,SI=F,63.81,0.05,2026-09-15,04:46:01
,Crude Oil Spot,CL=F,103.22,0.04,2026-09-15,04:46:01
,Nifty 50 Index,^NSEI,23381.4,0.01,2026-09-15,04:46:01
,Gold Spot,GC=F,4343.1,0.0,2026-09-15,05:15:59
,Silver Spot,SI=F,63.77,-0.02,2026-09-15,05:15:59
,Crude Oil Spot,CL=F,103.17,0.04,2026-09-15,05:15:59
,Nifty 50 Index,^NSEI,23353.0,0.01,2026-09-15,05:15:59
,Gold Spot,GC=F,4331.7,-0.07,2026-09-15,05:44:55
,Silver Spot,SI=F,63.55,-0.16,2026-09-15,05:44:55
,Crude Oil Spot,CL=F,103.3,-0.01,2026-09-15,05:44:55
,Nifty 50 Index,^NSEI,23346.5,0.03,2026-09-15,05:44:55
,Gold Spot,GC=F,4336.5,-0.03,2026-09-15,05:59:19
,Silver Spot,SI=F,63.79,-0.03,2026-09-15,05:59:19
,Crude Oil Spot,CL=F,103.05,0.01,2026-09-15,05:59:19
,Nifty 50 Index,^NSEI,23316.75,0.01,2026-09-15,05:59:19
,Gold Spot,GC=F,4332.0,0.02,2026-09-15,06:27:20
,Silver Spot,SI=F,63.7,0.06,2026-09-15,06:27:20
,Crude Oil Spot,CL=F,103.12,-0.07,2026-09-15,06:27:20
,Nifty 50 Index,^NSEI,23328.55,0.01,2026-09-15,06:27:20
,Gold Spot,GC=F,4330.0,0.0,2026-09-15,06:51:07
,Silver Spot,SI=F,63.71,0.03,2026-09-15,06:51:07
,Crude Oil Spot,CL=F,103.07,-0.01,2026-09-15,06:51:07
,Nifty 50 Index,^NSEI,23326.75,0.0,2026-09-15,06:51:07
,Gold Spot,GC=F,4331.0,0.01,2026-09-15,07:18:15
,Silver Spot,SI=F,63.57,0.02,2026-09-15,07:18:15
,Crude Oil Spot,CL=F,103.41,0.02,2026-09-15,07:18:15
,Nifty 50 Index,^NSEI,23323.55,0.02,2026-09-15,07:18:15
,Reliance Industries GDR,RIGD.IL,52.0,-0.19,2026-09-15,07:18:15
,Gold Spot,GC=F,4327.0,-0.06,2026-09-15,07:46:16
,Silver Spot,SI=F,63.44,-0.08,2026-09-15,07:46:16
,Crude Oil Spot,CL=F,103.26,0.0,2026-09-15,07:46:16
,Nifty 50 Index,^NSEI,23292.9,0.01,2026-09-15,07:46:16
,Reliance Industries GDR,RIGD.IL,52.2,0.38,2026-09-15,07:46:16
,Gold Spot,GC=F,4305.9,-0.04,2026-09-15,08:18:39
,Silver Spot,SI=F,63.1,-0.03,2026-09-15,08:18:39
,Crude Oil Spot,CL=F,103.73,0.05,2026-09-15,08:18:39
,Nifty 50 Index,^NSEI,23265.85,0.0,2026-09-15,08:18:39
,Reliance Industries GDR,RIGD.IL,51.9,0.0,2026-09-15,08:18:39
,Gold Spot,GC=F,4312.8,-0.0,2026-09-15,08:47:19
,Silver Spot,SI=F,63.31,-0.03,2026-09-15,08:47:19
,Crude Oil Spot,CL=F,103.6,0.03,2026-09-15,08:47:19
,Nifty 50 Index,^NSEI,23208.7,-0.0,2026-09-15,08:47:19
,Gold Spot,GC=F,4305.9,0.01,2026-09-15,09:18:15
,Silver Spot,SI=F,63.32,0.03,2026-09-15,09:18:15
,Crude Oil Spot,CL=F,103.41,-0.01,2026-09-15,09:18:15
,Nifty 50 Index,^NSEI,23162.8,-0.05,2026-09-15,09:18:15
,Reliance Industries GDR,RIGD.IL,51.5,0.0,2026-09-15,09:18:15
,Gold Spot,GC=F,4307.1,0.04,2026-09-15,09:47:10
,Silver Spot,SI=F,63.33,-0.08,2026-09-15,09:47:10
,Crude Oil Spot,CL=F,104.14,0.03,2026-09-15,09:47:10
,Nifty 50 Index,^NSEI,23172.35,0.0,2026-09-15,09:47:10
,Reliance Industries GDR,RIGD.IL,51.6,0.0,2026-09-15,09:47:10
,Gold Spot,GC=F,4314.7,0.02,2026-09-15,10:16:53
,Silver Spot,SI=F,63.62,0.0,2026-09-15,10:16:53
,Crude Oil Spot,CL=F,103.64,-0.04,2026-09-15,10:16:53
,Nifty 50 Index,^NSEI,23118.6,-0.23,2026-09-15,10:16:53
,Reliance Industries GDR,RIGD.IL,51.5,0.0,2026-09-15,10:16:53
,Gold Spot,GC=F,4315.4,0.0,2026-09-15,10:44:07
,Silver Spot,SI=F,63.6,0.06,2026-09-15,10:44:07
,Crude Oil Spot,CL=F,103.3,0.04,2026-09-15,10:44:07
,Reliance Industries GDR,RIGD.IL,51.6,0.0,2026-09-15,10:44:07
,Gold Spot,GC=F,4318.8,0.0,2026-09-15,11:01:12
,Silver Spot,SI=F,63.61,0.02,2026-09-15,11:01:12
,Crude Oil Spot,CL=F,102.97,-0.06,2026-09-15,11:01:12
,Gold Spot,GC=F,4322.3,0.05,2026-09-15,11:19:09
,Silver Spot,SI=F,63.6,0.03,2026-09-15,11:19:09
,Crude Oil Spot,CL=F,102.35,0.0,2026-09-15,11:19:09
,Reliance Industries GDR,RIGD.IL,51.7,0.0,2026-09-15,11:19:09
,Gold Spot,GC=F,4321.7,-0.02,2026-09-15,11:42:42
,Silver Spot,SI=F,63.66,0.0,2026-09-15,11:42:42
,Gold Spot,GC=F,4324.0,0.03,2026-09-15,11:55:35
,Silver Spot,SI=F,63.72,0.02,2026-09-15,11:55:35
,Crude Oil Spot,CL=F,102.3,-0.12,2026-09-15,11:55:35
,Reliance Industries GDR,RIGD.IL,51.8,0.19,2026-09-15,11:55:35
,Gold Spot,GC=F,4317.2,-0.01,2026-09-15,12:21:15
,Silver Spot,SI=F,63.66,-0.02,2026-09-15,12:21:15
,Crude Oil Spot,CL=F,102.49,0.03,2026-09-15,12:21:15
,Reliance Industries GDR,RIGD.IL,51.6,-0.39,2026-09-15,12:21:15
,Gold Spot,GC=F,4320.5,-0.01,2026-09-15,12:48:00
,Silver Spot,SI=F,63.87,-0.02,2026-09-15,12:48:00
,Crude Oil Spot,CL=F,102.7,-0.11,2026-09-15,12:48:00
,Reliance Industries GDR,RIGD.IL,51.7,0.19,2026-09-15,12:48:00
,Gold Spot,GC=F,4324.9,-0.04,2026-09-15,13:17:44
,Silver Spot,SI=F,64.14,0.02,2026-09-15,13:17:44
,Crude Oil Spot,CL=F,101.62,0.08,2026-09-15,13:17:44
,Gold Spot,GC=F,4329.8,0.08,2026-09-15,13:45:02
,Silver Spot,SI=F,64.05,-0.02,2026-09-15,13:45:02
,Crude Oil Spot,CL=F,103.73,0.03,2026-09-15,13:45:02
,NASDAQ 100 Index,^NDX,29126.66,0.04,2026-09-15,13:45:02
,HDFC Bank ADR,HDB,22.78,-0.09,2026-09-15,13:45:02
,Infosys ADR,INFY,11.44,0.0,2026-09-15,13:45:02
,ICICI Bank ADR,IBN,28.35,0.0,2026-09-15,13:45:02
,Dr. Reddy ADR,RDY,11.73,0.0,2026-09-15,13:45:02
,Reliance Industries GDR,RIGD.IL,51.6,-0.19,2026-09-15,13:45:02
,Gold Spot,GC=F,4331.6,-0.01,2026-09-15,13:59:00
,Silver Spot,SI=F,64.28,-0.03,2026-09-15,13:59:00
,Crude Oil Spot,CL=F,103.33,-0.08,2026-09-15,13:59:00
,NASDAQ 100 Index,^NDX,29126.46,0.01,2026-09-15,13:59:00
,HDFC Bank ADR,HDB,22.76,-0.04,2026-09-15,13:59:00
,Infosys ADR,INFY,11.36,0.0,2026-09-15,13:59:00
,Wipro ADR,WIT,1.76,0.57,2026-09-15,13:59:00
,ICICI Bank ADR,IBN,28.36,-0.11,2026-09-15,13:59:00
,Dr. Reddy ADR,RDY,11.69,0.0,2026-09-15,13:59:00
,Gold Spot,GC=F,4337.4,-0.01,2026-09-15,14:20:54
,Silver Spot,SI=F,64.17,-0.08,2026-09-15,14:20:54
,Crude Oil Spot,CL=F,103.49,0.06,2026-09-15,14:20:54
,NASDAQ 100 Index,^NDX,29047.07,-0.0,2026-09-15,14:20:54
,HDFC Bank ADR,HDB,22.67,-0.09,2026-09-15,14:20:54
,Infosys ADR,INFY,11.35,0.0,2026-09-15,14:20:54
,Wipro ADR,WIT,1.75,0.0,2026-09-15,14:20:54
,ICICI Bank ADR,IBN,28.34,-0.07,2026-09-15,14:20:54
,Reliance Industries GDR,RIGD.IL,51.5,0.0,2026-09-15,14:20:54
,Gold Spot,GC=F,4322.6,-0.04,2026-09-15,14:44:13
,Silver Spot,SI=F,63.82,-0.05,2026-09-15,14:44:13
,Crude Oil Spot,CL=F,104.06,0.06,2026-09-15,14:44:13
,NASDAQ 100 Index,^NDX,28974.63,0.01,2026-09-15,14:44:13
,HDFC Bank ADR,HDB,22.68,0.0,2026-09-15,14:44:13
,Infosys ADR,INFY,11.36,0.0,2026-09-15,14:44:13
,ICICI Bank ADR,IBN,28.38,0.04,2026-09-15,14:44:13
,Dr. Reddy ADR,RDY,11.68,0.0,2026-09-15,14:44:13
,Reliance Industries GDR,RIGD.IL,51.4,0.0,2026-09-15,14:44:13
,Gold Spot,GC=F,4316.9,-0.04,2026-09-15,14:59:19
,Silver Spot,SI=F,63.65,-0.09,2026-09-15,14:59:19
,Crude Oil Spot,CL=F,104.2,0.04,2026-09-15,14:59:19
,NASDAQ 100 Index,^NDX,28942.2,-0.02,2026-09-15,14:59:19
,HDFC Bank ADR,HDB,22.71,-0.04,2026-09-15,14:59:19
,Infosys ADR,INFY,11.4,0.09,2026-09-15,14:59:19
,Reliance Industries GDR,RIGD.IL,51.5,0.19,2026-09-15,14:59:19
,Gold Spot,GC=F,4322.7,0.03,2026-09-15,15:19:53
,Silver Spot,SI=F,63.69,0.02,2026-09-15,15:19:53
,Crude Oil Spot,CL=F,104.7,-0.08,2026-09-15,15:19:53
,NASDAQ 100 Index,^NDX,28980.79,-0.01,2026-09-15,15:19:53
,HDFC Bank ADR,HDB,22.73,0.0,2026-09-15,15:19:53
,Infosys ADR,INFY,11.43,-0.09,2026-09-15,15:19:53
,ICICI Bank ADR,IBN,28.41,0.04,2026-09-15,15:19:53
,Dr. Reddy ADR,RDY,11.66,0.0,2026-09-15,15:19:53
,Gold Spot,GC=F,4323.0,-0.01,2026-09-15,15:44:11
,Silver Spot,SI=F,63.72,0.02,2026-09-15,15:44:11
,Crude Oil Spot,CL=F,104.86,-0.01,2026-09-15,15:44:11
,NASDAQ 100 Index,^NDX,28988.03,-0.0,2026-09-15,15:44:11
,HDFC Bank ADR,HDB,22.77,-0.04,2026-09-15,15:44:11
,Infosys ADR,INFY,11.47,0.17,2026-09-15,15:44:11
,ICICI Bank ADR,IBN,28.48,0.04,2026-09-15,15:44:11
,Dr. Reddy ADR,RDY,11.7,0.0,2026-09-15,15:44:11
,Reliance Industries GDR,RIGD.IL,51.6,0.0,2026-09-15,15:44:11
,Gold Spot,GC=F,4326.9,-0.01,2026-09-15,15:57:34
,Silver Spot,SI=F,63.76,-0.03,2026-09-15,15:57:34
,Crude Oil Spot,CL=F,104.5,0.16,2026-09-15,15:57:34
,NASDAQ 100 Index,^NDX,28981.49,0.01,2026-09-15,15:57:34
,HDFC Bank ADR,HDB,22.71,-0.09,2026-09-15,15:57:34
,Infosys ADR,INFY,11.52,0.0,2026-09-15,15:57:34
,Wipro ADR,WIT,1.76,0.0,2026-09-15,15:57:34
,ICICI Bank ADR,IBN,28.4,0.0,2026-09-15,15:57:34
,Dr. Reddy ADR,RDY,11.65,0.0,2026-09-15,15:57:34
,Reliance Industries GDR,RIGD.IL,51.5,-0.19,2026-09-15,15:57:34
,Gold Spot,GC=F,4330.4,0.0,2026-09-15,16:19:07
,Crude Oil Spot,CL=F,105.12,-0.06,2026-09-15,16:19:07
,NASDAQ 100 Index,^NDX,28952.9,0.0,2026-09-15,16:19:07
,HDFC Bank ADR,HDB,22.76,0.04,2026-09-15,16:19:07
,Infosys ADR,INFY,11.49,-0.17,2026-09-15,16:19:07
,Dr. Reddy ADR,RDY,11.62,-0.09,2026-09-15,16:19:07
,Gold Spot,GC=F,4333.2,-0.04,2026-09-15,16:44:03
,Silver Spot,SI=F,63.93,-0.05,2026-09-15,16:44:03
,Crude Oil Spot,CL=F,105.35,0.0,2026-09-15,16:44:03
,NASDAQ 100 Index,^NDX,28972.24,0.0,2026-09-15,16:44:03
,HDFC Bank ADR,HDB,22.74,0.09,2026-09-15,16:44:03
,Infosys ADR,INFY,11.51,0.17,2026-09-15,16:44:03
,Dr. Reddy ADR,RDY,11.64,-0.09,2026-09-15,16:44:03
,Gold Spot,GC=F,4336.2,0.0,2026-09-15,16:58:14
,Silver Spot,SI=F,63.92,0.0,2026-09-15,16:58:14
,Crude Oil Spot,CL=F,106.01,0.01,2026-09-15,16:58:14
,NASDAQ 100 Index,^NDX,28975.56,-0.01,2026-09-15,16:58:14
,HDFC Bank ADR,HDB,22.75,0.0,2026-09-15,16:58:14
,Infosys ADR,INFY,11.52,0.0,2026-09-15,16:58:14
,ICICI Bank ADR,IBN,28.42,0.0,2026-09-15,16:58:14
,Gold Spot,GC=F,4332.9,0.03,2026-09-15,17:17:22
,Crude Oil Spot,CL=F,106.29,-0.02,2026-09-15,17:17:22
,NASDAQ 100 Index,^NDX,28952.7,0.0,2026-09-15,17:17:22
,HDFC Bank ADR,HDB,22.67,-0.04,2026-09-15,17:17:22
,ICICI Bank ADR,IBN,28.38,0.0,2026-09-15,17:17:22
,Dr. Reddy ADR,RDY,11.63,-0.09,2026-09-15,17:17:22
,Gold Spot,GC=F,4337.8,-0.0,2026-09-15,17:42:18
,Silver Spot,SI=F,63.95,0.02,2026-09-15,17:42:18
,Crude Oil Spot,CL=F,106.55,-0.01,2026-09-15,17:42:18
,NASDAQ 100 Index,^NDX,28945.2,-0.0,2026-09-15,17:42:18
,Infosys ADR,INFY,11.48,0.0,2026-09-15,17:42:18
,ICICI Bank ADR,IBN,28.37,0.0,2026-09-15,17:42:18
,Dr. Reddy ADR,RDY,11.62,0.0,2026-09-15,17:42:18
,Gold Spot,GC=F,4334.4,0.01,2026-09-15,17:55:40
,Silver Spot,SI=F,63.93,0.02,2026-09-15,17:55:40
,Crude Oil Spot,CL=F,106.37,-0.05,2026-09-15,17:55:40
,NASDAQ 100 Index,^NDX,28951.97,-0.0,2026-09-15,17:55:40
,HDFC Bank ADR,HDB,22.63,0.04,2026-09-15,17:55:40
,Gold Spot,GC=F,4338.7,0.0,2026-09-15,18:17:59
,Silver Spot,SI=F,64.08,0.02,2026-09-15,18:17:59
,Crude Oil Spot,CL=F,106.01,-0.04,2026-09-15,18:17:59
,NASDAQ 100 Index,^NDX,28960.3,0.01,2026-09-15,18:17:59
,HDFC Bank ADR,HDB,22.65,0.0,2026-09-15,18:17:59
,ICICI Bank ADR,IBN,28.4,0.0,2026-09-15,18:17:59
,Dr. Reddy ADR,RDY,11.64,0.0,2026-09-15,18:17:59
,Gold Spot,GC=F,4343.5,0.01,2026-09-15,18:45:19
,Silver Spot,SI=F,64.21,0.0,2026-09-15,18:45:19
,Crude Oil Spot,CL=F,105.93,0.02,2026-09-15,18:45:19
,NASDAQ 100 Index,^NDX,28940.11,-0.01,2026-09-15,18:45:19
,HDFC Bank ADR,HDB,22.59,0.04,2026-09-15,18:45:19
,Infosys ADR,INFY,11.39,-0.09,2026-09-15,18:45:19
,Wipro ADR,WIT,1.75,0.0,2026-09-15,18:45:19
,ICICI Bank ADR,IBN,28.39,0.0,2026-09-15,18:45:19
,Dr. Reddy ADR,RDY,11.6,0.0,2026-09-15,18:45:19
,Gold Spot,GC=F,4346.8,0.0,2026-09-15,18:59:18
,Silver Spot,SI=F,64.32,0.0,2026-09-15,18:59:18
,Crude Oil Spot,CL=F,105.9,-0.05,2026-09-15,18:59:18
,NASDAQ 100 Index,^NDX,28940.01,0.01,2026-09-15,18:59:18
,HDFC Bank ADR,HDB,22.58,0.0,2026-09-15,18:59:18
,ICICI Bank ADR,IBN,28.42,0.04,2026-09-15,18:59:18
,Dr. Reddy ADR,RDY,11.59,0.0,2026-09-15,18:59:18
,Gold Spot,GC=F,4345.0,0.01,2026-09-15,19:18:39
,Silver Spot,SI=F,64.38,0.02,2026-09-15,19:18:39
,Crude Oil Spot,CL=F,105.54,0.01,2026-09-15,19:18:39
,NASDAQ 100 Index,^NDX,28928.74,-0.0,2026-09-15,19:18:39
,HDFC Bank ADR,HDB,22.6,0.0,2026-09-15,19:18:39
,Infosys ADR,INFY,11.36,0.0,2026-09-15,19:18:39
,ICICI Bank ADR,IBN,28.38,-0.04,2026-09-15,19:18:39
,Dr. Reddy ADR,RDY,11.56,0.0,2026-09-15,19:18:39
,Gold Spot,GC=F,4341.4,0.03,2026-09-15,19:42:45
,Silver Spot,SI=F,64.31,0.03,2026-09-15,19:42:45
,NASDAQ 100 Index,^NDX,28915.78,0.0,2026-09-15,19:42:45
,HDFC Bank ADR,HDB,22.58,0.0,2026-09-15,19:42:45
,ICICI Bank ADR,IBN,28.36,0.0,2026-09-15,19:42:45
,Dr. Reddy ADR,RDY,11.53,0.0,2026-09-15,19:42:45
,Gold Spot,GC=F,4336.4,0.0,2026-09-15,19:55:57
,Silver Spot,SI=F,64.18,0.02,2026-09-15,19:55:57
,Crude Oil Spot,CL=F,105.8,0.03,2026-09-15,19:55:57
,NASDAQ 100 Index,^NDX,28920.35,-0.03,2026-09-15,19:55:57
,HDFC Bank ADR,HDB,22.57,0.04,2026-09-15,19:55:57
,Infosys ADR,INFY,11.37,0.09,2026-09-15,19:55:57
,ICICI Bank ADR,IBN,28.4,0.07,2026-09-15,19:55:57
,Dr. Reddy ADR,RDY,11.52,0.0,2026-09-15,19:55:57
,Gold Spot,GC=F,4337.4,0.0,2026-09-15,20:17:18
,Silver Spot,SI=F,64.19,0.0,2026-09-15,20:17:18
,Crude Oil Spot,CL=F,106.02,-0.04,2026-09-15,20:17:18
,NASDAQ 100 Index,^NDX,28937.75,0.04,2026-09-15,20:17:18
,HDFC Bank ADR,HDB,22.58,-0.09,2026-09-15,20:17:18
,Infosys ADR,INFY,11.34,-0.09,2026-09-15,20:17:18
,ICICI Bank ADR,IBN,28.41,-0.04,2026-09-15,20:17:18
,Dr. Reddy ADR,RDY,11.54,-0.09,2026-09-15,20:17:18
,Gold Spot,GC=F,4335.3,-0.01,2026-09-15,20:42:37
,Silver Spot,SI=F,64.15,0.0,2026-09-15,20:42:37
,Crude Oil Spot,CL=F,105.46,-0.03,2026-09-15,20:42:37
,Gold Spot,GC=F,4332.7,-0.0,2026-09-15,20:55:52
,Silver Spot,SI=F,64.1,0.0,2026-09-15,20:55:52
,Crude Oil Spot,CL=F,105.62,0.01,2026-09-15,20:55:52
,Gold Spot,GC=F,4333.4,-0.01,2026-09-15,21:16:20
,Silver Spot,SI=F,64.18,-0.02,2026-09-15,21:16:20
,Crude Oil Spot,CL=F,105.48,-0.05,2026-09-15,21:16:20
,Gold Spot,GC=F,4334.8,-0.0,2026-09-15,22:15:31
,Silver Spot,SI=F,64.2,0.02,2026-09-15,22:15:31
,Crude Oil Spot,CL=F,105.34,-0.03,2026-09-15,22:15:31
,Gold Spot,GC=F,4337.2,-0.02,2026-09-15,22:41:28
,Silver Spot,SI=F,64.33,0.02,2026-09-15,22:41:28
,Crude Oil Spot,CL=F,105.33,0.0,2026-09-15,22:41:28
,Gold Spot,GC=F,4335.7,0.01,2026-09-15,22:54:08
,Silver Spot,SI=F,64.31,0.0,2026-09-15,22:54:08
,Crude Oil Spot,CL=F,105.39,0.01,2026-09-15,22:54:08
,Gold Spot,GC=F,4326.0,-0.01,2026-09-15,23:14:11
,Silver Spot,SI=F,64.19,-0.03,2026-09-15,23:14:11
,Crude Oil Spot,CL=F,105.33,0.01,2026-09-15,23:14:11
,Gold Spot,GC=F,4326.9,0.0,2026-09-15,23:30:15
,Silver Spot,SI=F,64.21,-0.02,2026-09-15,23:30:15
,Crude Oil Spot,CL=F,105.43,-0.01,2026-09-15,23:30:15
,Gold Spot,GC=F,4327.3,0.03,2026-09-15,23:43:37
,Crude Oil Spot,CL=F,105.44,-0.01,2026-09-15,23:43:37
,Gold Spot,GC=F,4325.9,0.01,2026-09-15,23:56:12
,Silver Spot,SI=F,64.25,0.05,2026-09-15,23:56:12
,Crude Oil Spot,CL=F,105.42,0.01,2026-09-15,23:56:12
,Gold Spot,GC=F,4322.8,-0.0,2026-09-16,00:23:51
,Silver Spot,SI=F,64.18,0.02,2026-09-16,00:23:51
,Crude Oil Spot,CL=F,105.03,0.02,2026-09-16,00:23:51
,Gold Spot,GC=F,4320.3,-0.01,2026-09-16,00:47:32
,Silver Spot,SI=F,64.15,0.02,2026-09-16,00:47:32
,Crude Oil Spot,CL=F,104.96,0.01,2026-09-16,00:47:32
,Gold Spot,GC=F,4319.7,-0.03,2026-09-16,01:14:55
,Silver Spot,SI=F,64.13,-0.03,2026-09-16,01:14:55
,Crude Oil Spot,CL=F,104.93,0.02,2026-09-16,01:14:55
,Gold Spot,GC=F,4329.8,0.06,2026-09-16,01:31:02
,Silver Spot,SI=F,64.35,-0.06,2026-09-16,01:31:02
,Crude Oil Spot,CL=F,104.89,-0.09,2026-09-16,01:31:02
,Gold Spot,GC=F,4328.3,0.01,2026-09-16,01:54:52
,Silver Spot,SI=F,64.21,0.0,2026-09-16,01:54:52
,Crude Oil Spot,CL=F,105.12,-0.07,2026-09-16,01:54:52
,Gold Spot,GC=F,4325.8,-0.03,2026-09-16,02:15:57
,Silver Spot,SI=F,64.2,-0.05,2026-09-16,02:15:57
,Crude Oil Spot,CL=F,104.91,0.02,2026-09-16,02:15:57
,Gold Spot,GC=F,4346.8,0.02,2026-09-16,02:43:30
,Silver Spot,SI=F,64.97,0.03,2026-09-16,02:43:30
,Crude Oil Spot,CL=F,104.8,-0.04,2026-09-16,02:43:30
,Gold Spot,GC=F,4354.7,0.01,2026-09-16,02:57:40
,Silver Spot,SI=F,64.96,0.09,2026-09-16,02:57:40
,Crude Oil Spot,CL=F,104.78,-0.05,2026-09-16,02:57:40
,Gold Spot,GC=F,4367.3,-0.07,2026-09-16,03:19:02
,Silver Spot,SI=F,65.14,-0.06,2026-09-16,03:19:02
,Crude Oil Spot,CL=F,104.44,-0.07,2026-09-16,03:19:02
,Gold Spot,GC=F,4370.5,0.01,2026-09-16,03:43:56
,Crude Oil Spot,CL=F,104.67,-0.02,2026-09-16,03:43:56
,Gold Spot,GC=F,4367.5,-0.01,2026-09-16,03:57:46
,Silver Spot,SI=F,65.08,-0.03,2026-09-16,03:57:46
,Crude Oil Spot,CL=F,104.88,0.0,2026-09-16,03:57:46
,Nifty 50 Index,^NSEI,23216.45,-0.05,2026-09-16,03:57:46
,Gold Spot,GC=F,4367.6,0.01,2026-09-16,04:19:41
,Silver Spot,SI=F,65.12,0.0,2026-09-16,04:19:41
,Crude Oil Spot,CL=F,104.75,0.0,2026-09-16,04:19:41
,Nifty 50 Index,^NSEI,23148.55,0.06,2026-09-16,04:19:41
,Gold Spot,GC=F,4366.9,-0.02,2026-09-16,04:43:42
,Crude Oil Spot,CL=F,104.58,0.0,2026-09-16,04:43:42
,Nifty 50 Index,^NSEI,23183.3,-0.07,2026-09-16,04:43:42
,Gold Spot,GC=F,4363.4,-0.01,2026-09-16,04:57:59
,Silver Spot,SI=F,65.11,0.02,2026-09-16,04:57:59
,Crude Oil Spot,CL=F,104.69,-0.01,2026-09-16,04:57:59
,Nifty 50 Index,^NSEI,23224.75,0.01,2026-09-16,04:57:59
,Gold Spot,GC=F,4363.9,-0.02,2026-09-16,05:18:30
,Silver Spot,SI=F,65.07,0.0,2026-09-16,05:18:30
,Crude Oil Spot,CL=F,104.78,-0.01,2026-09-16,05:18:30
,Nifty 50 Index,^NSEI,23254.55,0.04,2026-09-16,05:18:30
,Gold Spot,GC=F,4368.5,0.02,2026-09-16,05:43:05
,Silver Spot,SI=F,65.21,0.0,2026-09-16,05:43:05
,Crude Oil Spot,CL=F,104.69,-0.05,2026-09-16,05:43:05
,Nifty 50 Index,^NSEI,23262.25,-0.0,2026-09-16,05:43:05
,Gold Spot,GC=F,4372.7,-0.01,2026-09-16,05:56:48
,Silver Spot,SI=F,65.29,-0.05,2026-09-16,05:56:48
,Crude Oil Spot,CL=F,104.54,-0.01,2026-09-16,05:56:48
,Nifty 50 Index,^NSEI,23230.25,-0.03,2026-09-16,05:56:48
,Gold Spot,GC=F,4367.2,-0.01,2026-09-16,06:23:49
,Silver Spot,SI=F,65.15,-0.05,2026-09-16,06:23:49
,Crude Oil Spot,CL=F,104.63,-0.04,2026-09-16,06:23:49
,Nifty 50 Index,^NSEI,23224.85,-0.02,2026-09-16,06:23:49
,Gold Spot,GC=F,4366.6,0.02,2026-09-16,06:48:49
,Silver Spot,SI=F,65.13,0.03,2026-09-16,06:48:49
,Crude Oil Spot,CL=F,104.46,-0.22,2026-09-16,06:48:49
,Nifty 50 Index,^NSEI,23239.05,-0.01,2026-09-16,06:48:49
,Gold Spot,GC=F,4374.0,0.05,2026-09-16,07:17:24
,Silver Spot,SI=F,65.36,0.08,2026-09-16,07:17:24
,Crude Oil Spot,CL=F,104.04,-0.02,2026-09-16,07:17:24
,Nifty 50 Index,^NSEI,23253.55,0.02,2026-09-16,07:17:24
,Reliance Industries GDR,RIGD.IL,52.1,0.19,2026-09-16,07:17:24
,Gold Spot,GC=F,4375.5,0.02,2026-09-16,07:44:11
,Silver Spot,SI=F,65.35,-0.05,2026-09-16,07:44:11
,Crude Oil Spot,CL=F,104.14,-0.02,2026-09-16,07:44:11
,Nifty 50 Index,^NSEI,23262.0,0.0,2026-09-16,07:44:11
,Reliance Industries GDR,RIGD.IL,51.9,-0.19,2026-09-16,07:44:11
,Gold Spot,GC=F,4375.1,-0.0,2026-09-16,07:58:03
,Silver Spot,SI=F,65.17,0.0,2026-09-16,07:58:03
,Crude Oil Spot,CL=F,104.12,0.02,2026-09-16,07:58:03
,Nifty 50 Index,^NSEI,23236.85,-0.01,2026-09-16,07:58:03
,Gold Spot,GC=F,4364.8,-0.0,2026-09-16,08:20:43
,Silver Spot,SI=F,64.93,-0.02,2026-09-16,08:20:43
,Crude Oil Spot,CL=F,104.71,0.0,2026-09-16,08:20:43
,Nifty 50 Index,^NSEI,23219.2,0.01,2026-09-16,08:20:43
,Gold Spot,GC=F,4369.4,0.01,2026-09-16,08:45:30
,Silver Spot,SI=F,64.9,-0.02,2026-09-16,08:45:30
,Crude Oil Spot,CL=F,104.59,0.0,2026-09-16,08:45:30
,Nifty 50 Index,^NSEI,23238.65,0.0,2026-09-16,08:45:30
,Reliance Industries GDR,RIGD.IL,51.8,-0.19,2026-09-16,08:45:30
,Gold Spot,GC=F,4373.0,0.04,2026-09-16,09:16:21
,Silver Spot,SI=F,65.06,0.05,2026-09-16,09:16:21
,Crude Oil Spot,CL=F,104.8,0.06,2026-09-16,09:16:21
,Nifty 50 Index,^NSEI,23238.95,0.02,2026-09-16,09:16:21
,Gold Spot,GC=F,4374.3,-0.03,2026-09-16,09:43:45
,Silver Spot,SI=F,64.99,-0.02,2026-09-16,09:43:45
,Crude Oil Spot,CL=F,104.29,0.07,2026-09-16,09:43:45
,Nifty 50 Index,^NSEI,23224.95,0.01,2026-09-16,09:43:45
,Reliance Industries GDR,RIGD.IL,51.9,0.19,2026-09-16,09:43:45
,Gold Spot,GC=F,4372.9,-0.01,2026-09-16,09:58:01
,Silver Spot,SI=F,64.95,-0.03,2026-09-16,09:58:01
,Nifty 50 Index,^NSEI,23224.15,0.0,2026-09-16,09:58:01
,Reliance Industries GDR,RIGD.IL,51.8,-0.19,2026-09-16,09:58:01
,Gold Spot,GC=F,4387.6,0.03,2026-09-16,10:20:08
,Silver Spot,SI=F,65.09,0.02,2026-09-16,10:20:08
,Crude Oil Spot,CL=F,103.85,0.0,2026-09-16,10:20:08
,Nifty 50 Index,^NSEI,23217.6,-0.03,2026-09-16,10:20:08
,Gold Spot,GC=F,4388.6,-0.01,2026-09-16,10:43:56
,Silver Spot,SI=F,65.08,-0.03,2026-09-16,10:43:56
,Crude Oil Spot,CL=F,103.9,-0.01,2026-09-16,10:43:56
,Gold Spot,GC=F,4389.9,0.02,2026-09-16,10:58:00
,Silver Spot,SI=F,65.18,0.05,2026-09-16,10:58:00
,Crude Oil Spot,CL=F,103.64,0.08,2026-09-16,10:58:00
,Silver Spot,SI=F,65.29,0.0,2026-09-16,11:19:20
,Crude Oil Spot,CL=F,103.4,-0.08,2026-09-16,11:19:20
,Reliance Industries GDR,RIGD.IL,51.9,0.0,2026-09-16,11:19:20
,Gold Spot,GC=F,4392.0,0.0,2026-09-16,11:44:11
,Silver Spot,SI=F,65.37,0.02,2026-09-16,11:44:11
,Crude Oil Spot,CL=F,103.3,0.03,2026-09-16,11:44:11
,Gold Spot,GC=F,4390.7,0.0,2026-09-16,11:57:16
,Silver Spot,SI=F,65.42,0.0,2026-09-16,11:57:16
,Crude Oil Spot,CL=F,103.44,-0.03,2026-09-16,11:57:16
,Reliance Industries GDR,RIGD.IL,52.0,0.19,2026-09-16,11:57:16
,Gold Spot,GC=F,4385.3,0.0,2026-09-16,12:24:12
,Silver Spot,SI=F,65.16,0.0,2026-09-16,12:24:12
,Crude Oil Spot,CL=F,103.84,-0.02,2026-09-16,12:24:12
,Reliance Industries GDR,RIGD.IL,52.1,0.0,2026-09-16,12:24:12
,Gold Spot,GC=F,4380.9,-0.02,2026-09-16,12:48:53
,Silver Spot,SI=F,65.11,0.02,2026-09-16,12:48:53
,Crude Oil Spot,CL=F,103.94,0.04,2026-09-16,12:48:53
,Gold Spot,GC=F,4387.3,0.03,2026-09-16,13:17:34
,Silver Spot,SI=F,65.07,0.08,2026-09-16,13:17:34
,Crude Oil Spot,CL=F,103.85,-0.07,2026-09-16,13:17:34
,Gold Spot,GC=F,4389.7,-0.0,2026-09-16,13:45:03
,Silver Spot,SI=F,65.06,0.05,2026-09-16,13:45:03
,Crude Oil Spot,CL=F,103.69,-0.04,2026-09-16,13:45:03
,NASDAQ 100 Index,^NDX,29094.93,-0.01,2026-09-16,13:45:03
,HDFC Bank ADR,HDB,22.7,-0.13,2026-09-16,13:45:03
,Infosys ADR,INFY,11.15,0.0,2026-09-16,13:45:03
,Wipro ADR,WIT,1.71,0.59,2026-09-16,13:45:03
,ICICI Bank ADR,IBN,28.53,-0.07,2026-09-16,13:45:03
,Dr. Reddy ADR,RDY,11.68,0.17,2026-09-16,13:45:03
,Gold Spot,GC=F,4383.7,-0.01,2026-09-16,14:00:09
,Silver Spot,SI=F,65.0,0.02,2026-09-16,14:00:09
,Crude Oil Spot,CL=F,103.61,-0.03,2026-09-16,14:00:09
,NASDAQ 100 Index,^NDX,29169.63,-0.01,2026-09-16,14:00:09
,Infosys ADR,INFY,11.19,0.18,2026-09-16,14:00:09
,Wipro ADR,WIT,1.7,0.59,2026-09-16,14:00:09
,ICICI Bank ADR,IBN,28.5,0.0,2026-09-16,14:00:09
,Reliance Industries GDR,RIGD.IL,52.0,0.0,2026-09-16,14:00:09
,Gold Spot,GC=F,4377.2,0.02,2026-09-16,14:21:48
,Silver Spot,SI=F,64.84,-0.02,2026-09-16,14:21:48
,Crude Oil Spot,CL=F,103.77,-0.13,2026-09-16,14:21:48
,NASDAQ 100 Index,^NDX,29162.03,-0.0,2026-09-16,14:21:48
,HDFC Bank ADR,HDB,22.57,0.04,2026-09-16,14:21:48
,Infosys ADR,INFY,11.16,0.0,2026-09-16,14:21:48
,Wipro ADR,WIT,1.69,0.0,2026-09-16,14:21:48
,ICICI Bank ADR,IBN,28.44,-0.04,2026-09-16,14:21:48
,Dr. Reddy ADR,RDY,11.57,0.0,2026-09-16,14:21:48
,Gold Spot,GC=F,4376.9,0.01,2026-09-16,14:44:21
,Silver Spot,SI=F,64.78,0.0,2026-09-16,14:44:21
,Crude Oil Spot,CL=F,103.28,-0.08,2026-09-16,14:44:21
,NASDAQ 100 Index,^NDX,29148.29,0.0,2026-09-16,14:44:21
,HDFC Bank ADR,HDB,22.6,-0.04,2026-09-16,14:44:21
,Infosys ADR,INFY,11.19,0.0,2026-09-16,14:44:21
,ICICI Bank ADR,IBN,28.49,0.0,2026-09-16,14:44:21
,Dr. Reddy ADR,RDY,11.59,0.0,2026-09-16,14:44:21
,Reliance Industries GDR,RIGD.IL,52.1,0.0,2026-09-16,14:44:21
,Gold Spot,GC=F,4390.0,-0.01,2026-09-16,14:59:12
,Silver Spot,SI=F,65.0,0.0,2026-09-16,14:59:12
,Crude Oil Spot,CL=F,102.79,0.03,2026-09-16,14:59:12
,NASDAQ 100 Index,^NDX,29173.2,0.02,2026-09-16,14:59:12
,HDFC Bank ADR,HDB,22.61,0.0,2026-09-16,14:59:12
,Wipro ADR,WIT,1.7,0.0,2026-09-16,14:59:12
,ICICI Bank ADR,IBN,28.52,0.0,2026-09-16,14:59:12
,Dr. Reddy ADR,RDY,11.62,0.0,2026-09-16,14:59:12
,Gold Spot,GC=F,4399.9,0.02,2026-09-16,15:20:21
,Silver Spot,SI=F,65.31,0.03,2026-09-16,15:20:21
,Crude Oil Spot,CL=F,101.53,0.03,2026-09-16,15:20:21
,NASDAQ 100 Index,^NDX,29195.69,-0.01,2026-09-16,15:20:21
,HDFC Bank ADR,HDB,22.65,0.0,2026-09-16,15:20:21
,Wipro ADR,WIT,1.72,0.0,2026-09-16,15:20:21
,Reliance Industries GDR,RIGD.IL,52.2,0.19,2026-09-16,15:20:21
,Gold Spot,GC=F,4387.3,0.02,2026-09-16,15:43:27
,Silver Spot,SI=F,65.0,0.0,2026-09-16,15:43:27
,Crude Oil Spot,CL=F,102.13,0.01,2026-09-16,15:43:27
,NASDAQ 100 Index,^NDX,29186.07,0.0,2026-09-16,15:43:27
,HDFC Bank ADR,HDB,22.64,0.0,2026-09-16,15:43:27
,Infosys ADR,INFY,11.17,-0.09,2026-09-16,15:43:27
,Wipro ADR,WIT,1.71,0.0,2026-09-16,15:43:27
,ICICI Bank ADR,IBN,28.47,0.0,2026-09-16,15:43:27
,Gold Spot,GC=F,4398.3,0.12,2026-09-16,15:57:48
,Silver Spot,SI=F,65.25,0.28,2026-09-16,15:57:48
,Crude Oil Spot,CL=F,101.36,-1.26,2026-09-16,15:57:48
,NASDAQ 100 Index,^NDX,29197.21,-0.02,2026-09-16,15:57:48
,HDFC Bank ADR,HDB,22.62,-0.09,2026-09-16,15:57:48
,Infosys ADR,INFY,11.19,0.0,2026-09-16,15:57:48
,Wipro ADR,WIT,1.7,0.0,2026-09-16,15:57:48
,ICICI Bank ADR,IBN,28.48,-0.04,2026-09-16,15:57:48
,Dr. Reddy ADR,RDY,11.63,0.09,2026-09-16,15:57:48
,Reliance Industries GDR,RIGD.IL,52.1,-0.19,2026-09-16,15:57:48
,Gold Spot,GC=F,4391.1,-0.0,2026-09-16,16:19:09
,Silver Spot,SI=F,65.04,0.0,2026-09-16,16:19:09
,Crude Oil Spot,CL=F,102.33,0.04,2026-09-16,16:19:09
,NASDAQ 100 Index,^NDX,29182.18,-0.0,2026-09-16,16:19:09
,HDFC Bank ADR,HDB,22.64,0.0,2026-09-16,16:19:09
,Wipro ADR,WIT,1.71,-0.58,2026-09-16,16:19:09
,ICICI Bank ADR,IBN,28.44,0.0,2026-09-16,16:19:09
,Dr. Reddy ADR,RDY,11.62,0.0,2026-09-16,16:19:09
,Gold Spot,GC=F,4389.4,0.03,2026-09-16,16:43:33
,Silver Spot,SI=F,65.06,0.03,2026-09-16,16:43:33
,Crude Oil Spot,CL=F,102.52,-0.02,2026-09-16,16:43:33
,NASDAQ 100 Index,^NDX,29161.68,-0.0,2026-09-16,16:43:33
,HDFC Bank ADR,HDB,22.61,0.04,2026-09-16,16:43:33
,Infosys ADR,INFY,11.18,0.0,2026-09-16,16:43:33
,Wipro ADR,WIT,1.7,-0.58,2026-09-16,16:43:33
,ICICI Bank ADR,IBN,28.4,0.0,2026-09-16,16:43:33
,Dr. Reddy ADR,RDY,11.6,0.0,2026-09-16,16:43:33
,Gold Spot,GC=F,4389.2,-0.01,2026-09-16,16:57:41
,Silver Spot,SI=F,65.02,-0.03,2026-09-16,16:57:41
,Crude Oil Spot,CL=F,102.64,0.04,2026-09-16,16:57:41
,NASDAQ 100 Index,^NDX,29164.65,-0.0,2026-09-16,16:57:41
,Wipro ADR,WIT,1.71,0.0,2026-09-16,16:57:41
,ICICI Bank ADR,IBN,28.36,0.0,2026-09-16,16:57:41
,Gold Spot,GC=F,4386.0,-0.03,2026-09-16,17:16:51
,Silver Spot,SI=F,64.87,0.0,2026-09-16,17:16:51
,Crude Oil Spot,CL=F,102.47,-0.05,2026-09-16,17:16:51
,NASDAQ 100 Index,^NDX,29153.0,0.01,2026-09-16,17:16:51
,HDFC Bank ADR,HDB,22.58,0.0,2026-09-16,17:16:51
,Infosys ADR,INFY,11.19,0.09,2026-09-16,17:16:51
,Wipro ADR,WIT,1.7,-0.58,2026-09-16,17:16:51
,ICICI Bank ADR,IBN,28.35,0.04,2026-09-16,17:16:51
,Gold Spot,GC=F,4388.7,0.01,2026-09-16,17:42:31
,Silver Spot,SI=F,65.0,0.02,2026-09-16,17:42:31
,NASDAQ 100 Index,^NDX,29122.54,-0.0,2026-09-16,17:42:31
,HDFC Bank ADR,HDB,22.59,0.04,2026-09-16,17:42:31
,Infosys ADR,INFY,11.18,0.0,2026-09-16,17:42:31
,Wipro ADR,WIT,1.71,0.0,2026-09-16,17:42:31
,ICICI Bank ADR,IBN,28.33,0.0,2026-09-16,17:42:31
,Dr. Reddy ADR,RDY,11.61,0.09,2026-09-16,17:42:31
,Gold Spot,GC=F,4385.6,0.01,2026-09-16,17:55:52
,Silver Spot,SI=F,64.81,0.0,2026-09-16,17:55:52
,Crude Oil Spot,CL=F,102.49,-0.01,2026-09-16,17:55:52
,NASDAQ 100 Index,^NDX,29141.12,0.02,2026-09-16,17:55:52
,HDFC Bank ADR,HDB,22.56,-0.04,2026-09-16,17:55:52
,Infosys ADR,INFY,11.14,-0.09,2026-09-16,17:55:52
,Dr. Reddy ADR,RDY,11.6,0.0,2026-09-16,17:55:52
,Gold Spot,GC=F,4375.3,-0.13,2026-09-16,18:19:40
,Silver Spot,SI=F,64.63,-0.19,2026-09-16,18:19:40
,Crude Oil Spot,CL=F,102.42,0.2,2026-09-16,18:19:40
,NASDAQ 100 Index,^NDX,29152.19,0.0,2026-09-16,18:19:40
,HDFC Bank ADR,HDB,22.46,0.0,2026-09-16,18:19:40
,Infosys ADR,INFY,11.12,0.0,2026-09-16,18:19:40
,Wipro ADR,WIT,1.7,0.59,2026-09-16,18:19:40
,ICICI Bank ADR,IBN,28.26,0.04,2026-09-16,18:19:40
,Dr. Reddy ADR,RDY,11.61,0.09,2026-09-16,18:19:40
,Gold Spot,GC=F,4316.7,0.03,2026-09-16,18:46:17
,Silver Spot,SI=F,63.71,0.03,2026-09-16,18:46:17
,Crude Oil Spot,CL=F,102.83,0.01,2026-09-16,18:46:17
,NASDAQ 100 Index,^NDX,29140.72,-0.02,2026-09-16,18:46:17
,HDFC Bank ADR,HDB,22.5,0.0,2026-09-16,18:46:17
,Infosys ADR,INFY,11.15,0.0,2026-09-16,18:46:17
,ICICI Bank ADR,IBN,28.32,0.0,2026-09-16,18:46:17
,Dr. Reddy ADR,RDY,11.66,-0.09,2026-09-16,18:46:17
,Gold Spot,GC=F,4315.2,-0.26,2026-09-16,19:14:39
,Silver Spot,SI=F,63.91,-0.3,2026-09-16,19:14:39
,Crude Oil Spot,CL=F,102.51,0.01,2026-09-16,19:14:39
,NASDAQ 100 Index,^NDX,28842.07,0.08,2026-09-16,19:14:39
,HDFC Bank ADR,HDB,22.33,0.09,2026-09-16,19:14:39
,Infosys ADR,INFY,11.06,0.0,2026-09-16,19:14:39
,Wipro ADR,WIT,1.68,0.0,2026-09-16,19:14:39
,ICICI Bank ADR,IBN,28.11,-0.04,2026-09-16,19:14:39
,Dr. Reddy ADR,RDY,11.67,0.17,2026-09-16,19:14:39
,Gold Spot,GC=F,4285.6,0.03,2026-09-16,19:31:26
,Silver Spot,SI=F,62.98,0.02,2026-09-16,19:31:26
,Crude Oil Spot,CL=F,102.28,-0.04,2026-09-16,19:31:26
,NASDAQ 100 Index,^NDX,28837.86,0.03,2026-09-16,19:31:26
,Infosys ADR,INFY,11.03,0.0,2026-09-16,19:31:26
,ICICI Bank ADR,IBN,28.08,0.0,2026-09-16,19:31:26
,Dr. Reddy ADR,RDY,11.65,-0.09,2026-09-16,19:31:26
,Gold Spot,GC=F,4304.0,-0.01,2026-09-16,19:53:13
,Silver Spot,SI=F,63.38,0.0,2026-09-16,19:53:13
,Crude Oil Spot,CL=F,101.88,-0.02,2026-09-16,19:53:13
,NASDAQ 100 Index,^NDX,28923.05,-0.01,2026-09-16,19:53:13
,HDFC Bank ADR,HDB,22.39,0.0,2026-09-16,19:53:13
,Infosys ADR,INFY,11.07,0.0,2026-09-16,19:53:13
,ICICI Bank ADR,IBN,28.17,0.04,2026-09-16,19:53:13
,Dr. Reddy ADR,RDY,11.68,0.0,2026-09-16,19:53:13
,Gold Spot,GC=F,4309.8,0.01,2026-09-16,20:17:00
,Silver Spot,SI=F,63.58,0.0,2026-09-16,20:17:00
,Crude Oil Spot,CL=F,102.1,-0.03,2026-09-16,20:17:00
,NASDAQ 100 Index,^NDX,28953.02,0.09,2026-09-16,20:17:00
,HDFC Bank ADR,HDB,22.4,0.09,2026-09-16,20:17:00
,Infosys ADR,INFY,11.1,0.27,2026-09-16,20:17:00
,Wipro ADR,WIT,1.69,0.0,2026-09-16,20:17:00
,ICICI Bank ADR,IBN,28.16,0.14,2026-09-16,20:17:00
,Dr. Reddy ADR,RDY,11.69,0.26,2026-09-16,20:17:00
,Gold Spot,GC=F,4298.9,-0.0,2026-09-16,20:43:21
,Silver Spot,SI=F,63.4,0.09,2026-09-16,20:43:21
,Crude Oil Spot,CL=F,102.21,-0.01,2026-09-16,20:43:21
,Gold Spot,GC=F,4304.1,0.03,2026-09-16,20:57:32
,Silver Spot,SI=F,63.47,0.06,2026-09-16,20:57:32
,Crude Oil Spot,CL=F,102.14,0.0,2026-09-16,20:57:32
,Gold Spot,GC=F,4302.5,-0.01,2026-09-16,21:18:45
,Silver Spot,SI=F,63.42,-0.02,2026-09-16,21:18:45
,Crude Oil Spot,CL=F,102.02,0.01,2026-09-16,21:18:45
,Gold Spot,GC=F,4299.1,-0.0,2026-09-16,22:16:05
,Silver Spot,SI=F,63.41,0.06,2026-09-16,22:16:05
,Crude Oil Spot,CL=F,102.15,-0.01,2026-09-16,22:16:05
,Gold Spot,GC=F,4301.0,0.01,2026-09-16,22:42:22
,Crude Oil Spot,CL=F,101.92,-0.01,2026-09-16,22:42:22
,Gold Spot,GC=F,4310.7,-0.0,2026-09-16,22:55:01
,Silver Spot,SI=F,63.48,0.02,2026-09-16,22:55:01
,Crude Oil Spot,CL=F,101.95,0.0,2026-09-16,22:55:01
,Gold Spot,GC=F,4302.7,0.04,2026-09-16,23:14:35
,Silver Spot,SI=F,63.35,0.0,2026-09-16,23:14:35
,Crude Oil Spot,CL=F,102.02,0.01,2026-09-16,23:14:35
,Gold Spot,GC=F,4307.5,-0.0,2026-09-16,23:31:23
,Silver Spot,SI=F,63.54,0.06,2026-09-16,23:31:23
,Crude Oil Spot,CL=F,102.0,0.0,2026-09-16,23:31:23
,Gold Spot,GC=F,4309.4,0.02,2026-09-16,23:53:02
,Silver Spot,SI=F,63.6,0.03,2026-09-16,23:53:02
,Crude Oil Spot,CL=F,101.8,0.13,2026-09-16,23:53:02
,Gold Spot,GC=F,4318.5,0.02,2026-09-17,00:21:16
,Silver Spot,SI=F,63.72,0.0,2026-09-17,00:21:16
,Crude Oil Spot,CL=F,101.45,-0.04,2026-09-17,00:21:16
,Gold Spot,GC=F,4325.6,0.05,2026-09-17,00:48:15
,Silver Spot,SI=F,63.81,0.05,2026-09-17,00:48:15
,Crude Oil Spot,CL=F,101.37,0.01,2026-09-17,00:48:15
,Gold Spot,GC=F,4337.9,0.06,2026-09-17,01:15:50
,Silver Spot,SI=F,64.21,0.08,2026-09-17,01:15:50
,Crude Oil Spot,CL=F,101.33,-0.06,2026-09-17,01:15:50
,Gold Spot,GC=F,4352.7,0.02,2026-09-17,01:43:07
,Silver Spot,SI=F,64.6,0.03,2026-09-17,01:43:07
,Crude Oil Spot,CL=F,102.18,0.02,2026-09-17,01:43:07
,Gold Spot,GC=F,4346.5,-0.01,2026-09-17,01:57:46
,Silver Spot,SI=F,64.26,-0.06,2026-09-17,01:57:46
,Crude Oil Spot,CL=F,102.25,0.04,2026-09-17,01:57:46
,Gold Spot,GC=F,4327.8,-0.01,2026-09-17,02:18:37
,Silver Spot,SI=F,63.76,0.03,2026-09-17,02:18:37
,Crude Oil Spot,CL=F,102.16,-0.13,2026-09-17,02:18:37
,Gold Spot,GC=F,4325.3,-0.02,2026-09-17,02:43:36
,Silver Spot,SI=F,63.67,-0.02,2026-09-17,02:43:36
,Crude Oil Spot,CL=F,102.02,-0.05,2026-09-17,02:43:36
,Gold Spot,GC=F,4321.7,-0.05,2026-09-17,02:58:04
,Silver Spot,SI=F,63.83,-0.08,2026-09-17,02:58:04
,Crude Oil Spot,CL=F,102.18,0.0,2026-09-17,02:58:04
,Gold Spot,GC=F,4323.5,0.01,2026-09-17,03:19:23
,Silver Spot,SI=F,63.89,-0.02,2026-09-17,03:19:23
,Crude Oil Spot,CL=F,102.38,-0.05,2026-09-17,03:19:23
,Gold Spot,GC=F,4328.4,-0.01,2026-09-17,03:44:16
,Silver Spot,SI=F,63.99,-0.02,2026-09-17,03:44:16
,Crude Oil Spot,CL=F,102.07,0.01,2026-09-17,03:44:16
,Gold Spot,GC=F,4333.2,0.01,2026-09-17,03:58:18
,Silver Spot,SI=F,64.11,-0.08,2026-09-17,03:58:18
,Crude Oil Spot,CL=F,102.14,-0.02,2026-09-17,03:58:18
,Nifty 50 Index,^NSEI,23254.05,0.02,2026-09-17,03:58:18
,Gold Spot,GC=F,4333.6,-0.03,2026-09-17,04:20:07
,Silver Spot,SI=F,64.17,0.02,2026-09-17,04:20:07
,Crude Oil Spot,CL=F,102.28,-0.02,2026-09-17,04:20:07
,Nifty 50 Index,^NSEI,23260.95,-0.03,2026-09-17,04:20:07
,Gold Spot,GC=F,4330.0,0.01,2026-09-17,04:44:07
,Silver Spot,SI=F,64.07,-0.02,2026-09-17,04:44:07
,Crude Oil Spot,CL=F,102.35,0.0,2026-09-17,04:44:07
,Nifty 50 Index,^NSEI,23315.15,-0.01,2026-09-17,04:44:07
,Gold Spot,GC=F,4336.6,0.01,2026-09-17,04:58:37
,Silver Spot,SI=F,64.24,0.02,2026-09-17,04:58:37
,Crude Oil Spot,CL=F,102.23,-0.02,2026-09-17,04:58:37
,Nifty 50 Index,^NSEI,23293.4,0.01,2026-09-17,04:58:37
,Gold Spot,GC=F,4336.2,0.01,2026-09-17,05:19:21
,Silver Spot,SI=F,64.17,0.0,2026-09-17,05:19:21
,Crude Oil Spot,CL=F,102.12,-0.02,2026-09-17,05:19:21
,Nifty 50 Index,^NSEI,23264.6,-0.0,2026-09-17,05:19:21
,Gold Spot,GC=F,4332.0,0.03,2026-09-17,05:43:01
,Silver Spot,SI=F,64.11,0.03,2026-09-17,05:43:01
,Crude Oil Spot,CL=F,102.0,-0.04,2026-09-17,05:43:01
,Nifty 50 Index,^NSEI,23224.05,0.01,2026-09-17,05:43:01
,Gold Spot,GC=F,4334.5,-0.02,2026-09-17,05:56:46
,Silver Spot,SI=F,64.12,-0.03,2026-09-17,05:56:46
,Crude Oil Spot,CL=F,101.76,-0.02,2026-09-17,05:56:46
,Nifty 50 Index,^NSEI,23250.75,0.0,2026-09-17,05:56:46
,Gold Spot,GC=F,4348.5,-0.01,2026-09-17,06:24:00
,Silver Spot,SI=F,64.28,0.0,2026-09-17,06:24:00
,Crude Oil Spot,CL=F,101.18,-0.1,2026-09-17,06:24:00
,Nifty 50 Index,^NSEI,23280.25,-0.05,2026-09-17,06:24:00
,Gold Spot,GC=F,4345.5,-0.02,2026-09-17,06:48:54
,Silver Spot,SI=F,64.19,-0.02,2026-09-17,06:48:54
,Crude Oil Spot,CL=F,100.61,0.06,2026-09-17,06:48:54
,Nifty 50 Index,^NSEI,23347.7,0.0,2026-09-17,06:48:54
,Gold Spot,GC=F,4353.7,0.01,2026-09-17,07:17:55
,Silver Spot,SI=F,64.35,0.06,2026-09-17,07:17:55
,Crude Oil Spot,CL=F,101.1,-0.07,2026-09-17,07:17:55
,Nifty 50 Index,^NSEI,23343.5,-0.01,2026-09-17,07:17:55
,Reliance Industries GDR,RIGD.IL,52.0,0.0,2026-09-17,07:17:55
,Gold Spot,GC=F,4372.8,0.01,2026-09-17,07:44:17
,Silver Spot,SI=F,64.85,0.0,2026-09-17,07:44:17
,Crude Oil Spot,CL=F,101.05,-0.04,2026-09-17,07:44:17
,Nifty 50 Index,^NSEI,23322.4,-0.01,2026-09-17,07:44:17
,Gold Spot,GC=F,4373.2,0.01,2026-09-17,07:57:41
,Silver Spot,SI=F,64.89,0.02,2026-09-17,07:57:41
,Crude Oil Spot,CL=F,101.48,-0.01,2026-09-17,07:57:41
,Nifty 50 Index,^NSEI,23274.8,-0.07,2026-09-17,07:57:41
,Reliance Industries GDR,RIGD.IL,51.9,0.0,2026-09-17,07:57:41
,Gold Spot,GC=F,4363.9,-0.0,2026-09-17,08:21:04
,Silver Spot,SI=F,64.69,-0.06,2026-09-17,08:21:04
,Crude Oil Spot,CL=F,101.76,-0.04,2026-09-17,08:21:04
,Nifty 50 Index,^NSEI,23270.7,0.0,2026-09-17,08:21:04
,Reliance Industries GDR,RIGD.IL,51.7,0.0,2026-09-17,08:21:04
,Gold Spot,GC=F,4353.1,0.03,2026-09-17,08:43:07
,Silver Spot,SI=F,64.46,0.02,2026-09-17,08:43:07
,Crude Oil Spot,CL=F,101.43,-0.02,2026-09-17,08:43:07
,Nifty 50 Index,^NSEI,23277.45,0.0,2026-09-17,08:43:07
,Reliance Industries GDR,RIGD.IL,51.6,0.0,2026-09-17,08:43:07
,Gold Spot,GC=F,4350.0,-0.01,2026-09-17,08:57:05
,Silver Spot,SI=F,64.29,0.0,2026-09-17,08:57:05
,Nifty 50 Index,^NSEI,23276.7,0.01,2026-09-17,08:57:05
,Reliance Industries GDR,RIGD.IL,51.7,0.0,2026-09-17,08:57:05
,Gold Spot,GC=F,4355.3,-0.0,2026-09-17,09:19:12
,Silver Spot,SI=F,64.43,0.0,2026-09-17,09:19:12
,Crude Oil Spot,CL=F,101.59,0.0,2026-09-17,09:19:12
,Nifty 50 Index,^NSEI,23307.35,0.0,2026-09-17,09:19:12
,Reliance Industries GDR,RIGD.IL,51.8,0.19,2026-09-17,09:19:12
,Gold Spot,GC=F,4347.1,-0.01,2026-09-17,09:43:43
,Silver Spot,SI=F,64.38,-0.03,2026-09-17,09:43:43
,Crude Oil Spot,CL=F,101.97,0.02,2026-09-17,09:43:43
,Nifty 50 Index,^NSEI,23289.05,0.03,2026-09-17,09:43:43
,Gold Spot,GC=F,4346.8,-0.01,2026-09-17,09:57:45
,Silver Spot,SI=F,64.4,-0.03,2026-09-17,09:57:45
,Crude Oil Spot,CL=F,101.26,0.0,2026-09-17,09:57:45
,Nifty 50 Index,^NSEI,23294.35,0.0,2026-09-17,09:57:45
,Gold Spot,GC=F,4347.9,-0.01,2026-09-17,10:19:22
,Silver Spot,SI=F,64.35,-0.03,2026-09-17,10:19:22
,Crude Oil Spot,CL=F,100.75,0.07,2026-09-17,10:19:22
,Nifty 50 Index,^NSEI,23270.6,0.0,2026-09-17,10:19:22
,Gold Spot,GC=F,4352.8,0.01,2026-09-17,10:43:53
,Silver Spot,SI=F,64.33,-0.08,2026-09-17,10:43:53
,Crude Oil Spot,CL=F,100.82,0.02,2026-09-17,10:43:53
,Gold Spot,GC=F,4357.2,0.01,2026-09-17,10:57:15
,Silver Spot,SI=F,64.45,-0.02,2026-09-17,10:57:15
,Crude Oil Spot,CL=F,100.74,0.01,2026-09-17,10:57:15
,Gold Spot,GC=F,4372.0,-0.01,2026-09-17,11:18:06
,Silver Spot,SI=F,64.71,0.02,2026-09-17,11:18:06
,Crude Oil Spot,CL=F,100.39,-0.06,2026-09-17,11:18:06
,Gold Spot,GC=F,4368.0,0.01,2026-09-17,11:42:42
,Silver Spot,SI=F,64.67,0.0,2026-09-17,11:42:42
,Crude Oil Spot,CL=F,100.8,-0.1,2026-09-17,11:42:42
,Gold Spot,GC=F,4367.3,0.02,2026-09-17,11:56:43
,Silver Spot,SI=F,64.62,0.03,2026-09-17,11:56:43
,Crude Oil Spot,CL=F,100.68,-0.01,2026-09-17,11:56:43
,Gold Spot,GC=F,4394.5,0.02,2026-09-17,12:23:31
,Silver Spot,SI=F,65.64,0.05,2026-09-17,12:23:31
,Crude Oil Spot,CL=F,99.3,-0.03,2026-09-17,12:23:31
,Gold Spot,GC=F,4407.1,0.04,2026-09-17,12:47:55
,Silver Spot,SI=F,65.89,0.03,2026-09-17,12:47:55
,Crude Oil Spot,CL=F,99.64,0.08,2026-09-17,12:47:55
,Reliance Industries GDR,RIGD.IL,51.9,0.0,2026-09-17,12:47:55
,Gold Spot,GC=F,4407.0,-0.03,2026-09-17,13:17:19
,Silver Spot,SI=F,65.92,0.0,2026-09-17,13:17:19
,Crude Oil Spot,CL=F,99.95,-0.04,2026-09-17,13:17:19
,Reliance Industries GDR,RIGD.IL,52.0,-0.19,2026-09-17,13:17:19
,Gold Spot,GC=F,4407.5,-0.0,2026-09-17,13:44:17
,Silver Spot,SI=F,65.96,-0.06,2026-09-17,13:44:17
,Crude Oil Spot,CL=F,100.56,-0.01,2026-09-17,13:44:17
,NASDAQ 100 Index,^NDX,29336.81,0.04,2026-09-17,13:44:17
,HDFC Bank ADR,HDB,22.38,-0.04,2026-09-17,13:44:17
,ICICI Bank ADR,IBN,28.11,0.11,2026-09-17,13:44:17
,Dr. Reddy ADR,RDY,12.14,0.0,2026-09-17,13:44:17
,Reliance Industries GDR,RIGD.IL,51.9,-0.19,2026-09-17,13:44:17
,Gold Spot,GC=F,4407.0,-0.02,2026-09-17,13:58:14
,Silver Spot,SI=F,66.14,-0.06,2026-09-17,13:58:14
,Crude Oil Spot,CL=F,100.68,-0.07,2026-09-17,13:58:14
,NASDAQ 100 Index,^NDX,29367.43,-0.01,2026-09-17,13:58:14
,HDFC Bank ADR,HDB,22.39,0.0,2026-09-17,13:58:14
,Infosys ADR,INFY,11.09,-0.09,2026-09-17,13:58:14
,Wipro ADR,WIT,1.7,0.59,2026-09-17,13:58:14
,ICICI Bank ADR,IBN,28.08,0.0,2026-09-17,13:58:14
,Dr. Reddy ADR,RDY,12.2,0.0,2026-09-17,13:58:14
,Reliance Industries GDR,RIGD.IL,51.8,-0.19,2026-09-17,13:58:14
,Gold Spot,GC=F,4415.4,-0.03,2026-09-17,14:21:05
,Silver Spot,SI=F,66.52,-0.02,2026-09-17,14:21:05
,Crude Oil Spot,CL=F,100.44,0.03,2026-09-17,14:21:05
,NASDAQ 100 Index,^NDX,29395.83,0.0,2026-09-17,14:21:05
,HDFC Bank ADR,HDB,22.45,0.0,2026-09-17,14:21:05
,Infosys ADR,INFY,11.1,0.0,2026-09-17,14:21:05
,ICICI Bank ADR,IBN,28.17,0.0,2026-09-17,14:21:05
,Dr. Reddy ADR,RDY,12.26,0.08,2026-09-17,14:21:05
,Reliance Industries GDR,RIGD.IL,51.9,0.0,2026-09-17,14:21:05
,Gold Spot,GC=F,4404.5,-0.01,2026-09-17,14:43:38
,Silver Spot,SI=F,66.43,0.03,2026-09-17,14:43:38
,Crude Oil Spot,CL=F,100.53,0.0,2026-09-17,14:43:38
,NASDAQ 100 Index,^NDX,29433.15,-0.01,2026-09-17,14:43:38
,HDFC Bank ADR,HDB,22.5,0.0,2026-09-17,14:43:38
,Infosys ADR,INFY,11.06,0.0,2026-09-17,14:43:38
,Wipro ADR,WIT,1.69,-0.59,2026-09-17,14:43:38
,ICICI Bank ADR,IBN,28.24,0.04,2026-09-17,14:43:38
,Dr. Reddy ADR,RDY,12.27,-0.08,2026-09-17,14:43:38
,Reliance Industries GDR,RIGD.IL,52.0,0.19,2026-09-17,14:43:38
,Gold Spot,GC=F,4401.9,0.02,2026-09-17,14:58:21
,Silver Spot,SI=F,66.28,0.05,2026-09-17,14:58:21
,Crude Oil Spot,CL=F,100.84,0.02,2026-09-17,14:58:21
,NASDAQ 100 Index,^NDX,29388.62,0.01,2026-09-17,14:58:21
,HDFC Bank ADR,HDB,22.51,0.04,2026-09-17,14:58:21
,Infosys ADR,INFY,11.08,-0.09,2026-09-17,14:58:21
,Wipro ADR,WIT,1.7,0.59,2026-09-17,14:58:21
,ICICI Bank ADR,IBN,28.22,0.0,2026-09-17,14:58:21
,Dr. Reddy ADR,RDY,12.31,0.08,2026-09-17,14:58:21
,Gold Spot,GC=F,4396.3,-0.03,2026-09-17,15:19:44
,Silver Spot,SI=F,66.14,-0.05,2026-09-17,15:19:44
,Crude Oil Spot,CL=F,100.91,0.03,2026-09-17,15:19:44
,NASDAQ 100 Index,^NDX,29390.83,-0.01,2026-09-17,15:19:44
,HDFC Bank ADR,HDB,22.52,0.0,2026-09-17,15:19:44
,Infosys ADR,INFY,11.09,0.09,2026-09-17,15:19:44
,Wipro ADR,WIT,1.68,0.0,2026-09-17,15:19:44
,ICICI Bank ADR,IBN,28.27,0.04,2026-09-17,15:19:44
,Reliance Industries GDR,RIGD.IL,51.9,0.0,2026-09-17,15:19:44
,Silver Spot,SI=F,66.28,-0.02,2026-09-17,15:43:07
,Crude Oil Spot,CL=F,100.71,0.01,2026-09-17,15:43:07
,NASDAQ 100 Index,^NDX,29432.12,0.0,2026-09-17,15:43:07
,HDFC Bank ADR,HDB,22.5,0.0,2026-09-17,15:43:07
,Infosys ADR,INFY,11.06,0.0,2026-09-17,15:43:07
,ICICI Bank ADR,IBN,28.23,0.0,2026-09-17,15:43:07
,Dr. Reddy ADR,RDY,12.28,0.0,2026-09-17,15:43:07
,Reliance Industries GDR,RIGD.IL,51.8,0.0,2026-09-17,15:43:07
,Gold Spot,GC=F,4405.6,-0.01,2026-09-17,15:56:57
,Silver Spot,SI=F,66.36,0.0,2026-09-17,15:56:57
,Crude Oil Spot,CL=F,101.16,-0.06,2026-09-17,15:56:57
,NASDAQ 100 Index,^NDX,29424.03,-0.03,2026-09-17,15:56:57
,Infosys ADR,INFY,11.05,0.0,2026-09-17,15:56:57
,Wipro ADR,WIT,1.69,0.0,2026-09-17,15:56:57
,ICICI Bank ADR,IBN,28.2,-0.07,2026-09-17,15:56:57
,Dr. Reddy ADR,RDY,12.27,0.0,2026-09-17,15:56:57
,Reliance Industries GDR,RIGD.IL,51.9,0.19,2026-09-17,15:56:57
,Gold Spot,GC=F,4409.3,0.04,2026-09-17,16:19:35
,Crude Oil Spot,CL=F,100.79,-0.04,2026-09-17,16:19:35
,NASDAQ 100 Index,^NDX,29433.99,-0.01,2026-09-17,16:19:35
,Infosys ADR,INFY,11.06,0.0,2026-09-17,16:19:35
,Wipro ADR,WIT,1.68,0.0,2026-09-17,16:19:35
,ICICI Bank ADR,IBN,28.22,0.0,2026-09-17,16:19:35
,Dr. Reddy ADR,RDY,12.28,0.08,2026-09-17,16:19:35
,Gold Spot,GC=F,4401.6,0.0,2026-09-17,16:43:12
,Silver Spot,SI=F,66.18,0.02,2026-09-17,16:43:12
,Crude Oil Spot,CL=F,101.69,0.05,2026-09-17,16:43:12
,NASDAQ 100 Index,^NDX,29434.69,-0.0,2026-09-17,16:43:12
,HDFC Bank ADR,HDB,22.54,0.0,2026-09-17,16:43:12
,Infosys ADR,INFY,11.03,0.0,2026-09-17,16:43:12
,ICICI Bank ADR,IBN,28.24,0.04,2026-09-17,16:43:12
,Dr. Reddy ADR,RDY,12.26,0.0,2026-09-17,16:43:12
,Gold Spot,GC=F,4401.1,0.02,2026-09-17,16:57:21
,Silver Spot,SI=F,66.22,0.02,2026-09-17,16:57:21
,Crude Oil Spot,CL=F,101.75,0.01,2026-09-17,16:57:21
,NASDAQ 100 Index,^NDX,29412.89,-0.01,2026-09-17,16:57:21
,HDFC Bank ADR,HDB,22.52,-0.04,2026-09-17,16:57:21
,Infosys ADR,INFY,11.05,0.0,2026-09-17,16:57:21
,ICICI Bank ADR,IBN,28.23,0.0,2026-09-17,16:57:21
,Dr. Reddy ADR,RDY,12.22,-0.08,2026-09-17,16:57:21
,Gold Spot,GC=F,4402.4,0.0,2026-09-17,17:15:50
,Silver Spot,SI=F,66.31,0.0,2026-09-17,17:15:50
,Crude Oil Spot,CL=F,102.16,0.07,2026-09-17,17:15:50
,NASDAQ 100 Index,^NDX,29430.97,0.01,2026-09-17,17:15:50
,HDFC Bank ADR,HDB,22.53,0.0,2026-09-17,17:15:50
,Dr. Reddy ADR,RDY,12.23,0.0,2026-09-17,17:15:50
,Gold Spot,GC=F,4401.3,-0.0,2026-09-17,17:42:48
,Silver Spot,SI=F,66.11,0.02,2026-09-17,17:42:48
,Crude Oil Spot,CL=F,102.06,0.01,2026-09-17,17:42:48
,NASDAQ 100 Index,^NDX,29430.13,-0.0,2026-09-17,17:42:48
,HDFC Bank ADR,HDB,22.56,0.0,2026-09-17,17:42:48
,Infosys ADR,INFY,11.06,0.0,2026-09-17,17:42:48
,ICICI Bank ADR,IBN,28.24,0.0,2026-09-17,17:42:48
,Dr. Reddy ADR,RDY,12.24,0.08,2026-09-17,17:42:48
,Gold Spot,GC=F,4399.4,-0.0,2026-09-17,17:56:12
,Crude Oil Spot,CL=F,101.88,-0.03,2026-09-17,17:56:12
,NASDAQ 100 Index,^NDX,29428.37,-0.0,2026-09-17,17:56:12
,HDFC Bank ADR,HDB,22.55,0.0,2026-09-17,17:56:12
,Dr. Reddy ADR,RDY,12.23,0.0,2026-09-17,17:56:12
,Gold Spot,GC=F,4401.9,-0.0,2026-09-17,18:21:00
,Silver Spot,SI=F,66.1,0.0,2026-09-17,18:21:00
,Crude Oil Spot,CL=F,101.81,-0.1,2026-09-17,18:21:00
,NASDAQ 100 Index,^NDX,29432.17,0.0,2026-09-17,18:21:00
,HDFC Bank ADR,HDB,22.58,0.04,2026-09-17,18:21:00
,Infosys ADR,INFY,11.07,0.0,2026-09-17,18:21:00
,Gold Spot,GC=F,4388.7,0.0,2026-09-17,18:46:09
,Silver Spot,SI=F,65.85,0.0,2026-09-17,18:46:09
,Crude Oil Spot,CL=F,101.94,-0.02,2026-09-17,18:46:09
,NASDAQ 100 Index,^NDX,29418.66,-0.0,2026-09-17,18:46:09
,HDFC Bank ADR,HDB,22.59,-0.04,2026-09-17,18:46:09
,Infosys ADR,INFY,11.06,0.09,2026-09-17,18:46:09
,ICICI Bank ADR,IBN,28.23,0.0,2026-09-17,18:46:09
,Dr. Reddy ADR,RDY,12.19,0.0,2026-09-17,18:46:09
,Gold Spot,GC=F,4394.3,0.02,2026-09-17,19:13:58
,Silver Spot,SI=F,65.92,0.0,2026-09-17,19:13:58
,Crude Oil Spot,CL=F,101.51,-0.04,2026-09-17,19:13:58
,NASDAQ 100 Index,^NDX,29444.09,0.02,2026-09-17,19:13:58
,HDFC Bank ADR,HDB,22.74,-0.04,2026-09-17,19:13:58
,Wipro ADR,WIT,1.7,0.0,2026-09-17,19:13:58
,ICICI Bank ADR,IBN,28.27,-0.04,2026-09-17,19:13:58
,Dr. Reddy ADR,RDY,12.2,0.0,2026-09-17,19:13:58
,Gold Spot,GC=F,4391.0,0.03,2026-09-17,19:29:56
,Silver Spot,SI=F,65.82,0.03,2026-09-17,19:29:56
,Crude Oil Spot,CL=F,101.28,-0.05,2026-09-17,19:29:56
,NASDAQ 100 Index,^NDX,29433.5,-0.0,2026-09-17,19:29:56
,HDFC Bank ADR,HDB,22.7,0.0,2026-09-17,19:29:56
,Infosys ADR,INFY,11.07,0.09,2026-09-17,19:29:56
,Wipro ADR,WIT,1.68,-0.59,2026-09-17,19:29:56
,ICICI Bank ADR,IBN,28.26,0.04,2026-09-17,19:29:56
,Dr. Reddy ADR,RDY,12.22,0.0,2026-09-17,19:29:56
,Gold Spot,GC=F,4382.6,-0.01,2026-09-17,19:49:36
,Silver Spot,SI=F,65.77,0.0,2026-09-17,19:49:36
,Crude Oil Spot,CL=F,101.2,-0.03,2026-09-17,19:49:36
,NASDAQ 100 Index,^NDX,29455.04,0.0,2026-09-17,19:49:36
,HDFC Bank ADR,HDB,22.67,-0.04,2026-09-17,19:49:36
,Infosys ADR,INFY,11.06,0.0,2026-09-17,19:49:36
,ICICI Bank ADR,IBN,28.23,0.0,2026-09-17,19:49:36
,Dr. Reddy ADR,RDY,12.2,0.0,2026-09-17,19:49:36
,Gold Spot,GC=F,4385.1,0.0,2026-09-17,19:57:17
,Silver Spot,SI=F,65.82,-0.02,2026-09-17,19:57:17
,Crude Oil Spot,CL=F,101.19,-0.01,2026-09-17,19:57:17
,NASDAQ 100 Index,^NDX,29472.62,-0.0,2026-09-17,19:57:17
,Infosys ADR,INFY,11.08,0.0,2026-09-17,19:57:17
,Dr. Reddy ADR,RDY,12.19,0.0,2026-09-17,19:57:17
,Gold Spot,GC=F,4384.3,-0.0,2026-09-17,20:19:12
,Silver Spot,SI=F,65.83,0.02,2026-09-17,20:19:12
,Crude Oil Spot,CL=F,101.14,-0.02,2026-09-17,20:19:12
,NASDAQ 100 Index,^NDX,29442.12,-0.06,2026-09-17,20:19:12
,HDFC Bank ADR,HDB,22.66,-0.04,2026-09-17,20:19:12
,ICICI Bank ADR,IBN,28.18,-0.07,2026-09-17,20:19:12
,Dr. Reddy ADR,RDY,12.17,0.0,2026-09-17,20:19:12
,Gold Spot,GC=F,4381.1,0.0,2026-09-17,20:41:36
,Silver Spot,SI=F,65.72,-0.05,2026-09-17,20:41:36
,Crude Oil Spot,CL=F,101.27,0.04,2026-09-17,20:41:36
,Gold Spot,GC=F,4380.6,-0.01,2026-09-17,21:15:46
,Silver Spot,SI=F,65.71,0.0,2026-09-17,21:15:46
,Crude Oil Spot,CL=F,101.09,0.02,2026-09-17,21:15:46
,Gold Spot,GC=F,4381.1,-0.03,2026-09-17,22:15:25
,Silver Spot,SI=F,65.78,-0.02,2026-09-17,22:15:25
,Crude Oil Spot,CL=F,100.98,0.0,2026-09-17,22:15:25
,Gold Spot,GC=F,4383.5,0.03,2026-09-17,22:39:44
,Silver Spot,SI=F,65.82,0.05,2026-09-17,22:39:44
,Crude Oil Spot,CL=F,101.22,-0.04,2026-09-17,22:39:44
,Gold Spot,GC=F,4384.9,-0.03,2026-09-17,22:53:21
,Silver Spot,SI=F,65.8,-0.08,2026-09-17,22:53:21
,Crude Oil Spot,CL=F,101.17,-0.04,2026-09-17,22:53:21
,Gold Spot,GC=F,4381.8,0.0,2026-09-17,23:13:03
,Silver Spot,SI=F,65.81,0.02,2026-09-17,23:13:03
,Crude Oil Spot,CL=F,101.14,-0.01,2026-09-17,23:13:03
,Gold Spot,GC=F,4381.7,-0.0,2026-09-17,23:27:09
,Silver Spot,SI=F,65.82,-0.11,2026-09-17,23:27:09
,Crude Oil Spot,CL=F,101.13,-0.04,2026-09-17,23:27:09
,Gold Spot,GC=F,4383.8,0.0,2026-09-17,23:41:08
,Silver Spot,SI=F,65.86,-0.03,2026-09-17,23:41:08
,Crude Oil Spot,CL=F,101.09,0.01,2026-09-17,23:41:08
,Gold Spot,GC=F,4382.3,-0.01,2026-09-17,23:53:42
,Crude Oil Spot,CL=F,101.14,-0.01,2026-09-17,23:53:42
,Gold Spot,GC=F,4390.1,0.04,2026-09-18,00:21:53
,Silver Spot,SI=F,66.01,0.05,2026-09-18,00:21:53
,Crude Oil Spot,CL=F,100.91,-0.11,2026-09-18,00:21:53
,Gold Spot,GC=F,4397.6,-0.0,2026-09-18,00:46:47
,Silver Spot,SI=F,66.14,0.02,2026-09-18,00:46:47
,Crude Oil Spot,CL=F,100.93,0.04,2026-09-18,00:46:47
,Gold Spot,GC=F,4401.2,0.02,2026-09-18,01:14:53
,Silver Spot,SI=F,66.39,-0.06,2026-09-18,01:14:53
,Crude Oil Spot,CL=F,101.02,-0.04,2026-09-18,01:14:53
,Gold Spot,GC=F,4400.9,0.04,2026-09-18,01:30:36
,Silver Spot,SI=F,66.34,0.03,2026-09-18,01:30:36
,Crude Oil Spot,CL=F,101.22,-0.12,2026-09-18,01:30:36
,Gold Spot,GC=F,4388.4,-0.0,2026-09-18,01:54:02
,Silver Spot,SI=F,66.15,0.03,2026-09-18,01:54:02
,Crude Oil Spot,CL=F,100.91,0.03,2026-09-18,01:54:02
,Gold Spot,GC=F,4387.7,0.01,2026-09-18,02:15:44
,Silver Spot,SI=F,66.28,0.08,2026-09-18,02:15:44
,Crude Oil Spot,CL=F,101.33,-0.01,2026-09-18,02:15:44
,Gold Spot,GC=F,4393.6,0.0,2026-09-18,02:42:53
,Silver Spot,SI=F,66.39,-0.02,2026-09-18,02:42:53
,Crude Oil Spot,CL=F,101.3,0.01,2026-09-18,02:42:53
,Gold Spot,GC=F,4390.4,0.0,2026-09-18,02:56:09
,Silver Spot,SI=F,66.28,0.05,2026-09-18,02:56:09
,Crude Oil Spot,CL=F,101.13,-0.02,2026-09-18,02:56:09
,Gold Spot,GC=F,4386.5,-0.03,2026-09-18,03:17:06
,Silver Spot,SI=F,66.36,-0.05,2026-09-18,03:17:06
,Crude Oil Spot,CL=F,101.41,-0.01,2026-09-18,03:17:06
,Gold Spot,GC=F,4382.4,0.02,2026-09-18,03:42:56
,Silver Spot,SI=F,66.26,-0.02,2026-09-18,03:42:56
,Crude Oil Spot,CL=F,101.25,0.03,2026-09-18,03:42:56
,Gold Spot,GC=F,4398.2,0.01,2026-09-18,03:56:18
,Silver Spot,SI=F,66.62,0.02,2026-09-18,03:56:18
,Crude Oil Spot,CL=F,101.08,0.01,2026-09-18,03:56:18
,Nifty 50 Index,^NSEI,23318.1,0.01,2026-09-18,03:56:18
,Gold Spot,GC=F,4399.8,0.02,2026-09-18,04:17:51
,Silver Spot,SI=F,66.6,0.05,2026-09-18,04:17:51
,Crude Oil Spot,CL=F,101.23,0.02,2026-09-18,04:17:51
,Nifty 50 Index,^NSEI,23310.15,-0.0,2026-09-18,04:17:51
,Gold Spot,GC=F,4399.7,0.0,2026-09-18,04:43:03
,Silver Spot,SI=F,66.52,0.03,2026-09-18,04:43:03
,Crude Oil Spot,CL=F,101.18,0.05,2026-09-18,04:43:03
,Nifty 50 Index,^NSEI,23325.95,0.0,2026-09-18,04:43:03
,Gold Spot,GC=F,4405.4,0.02,2026-09-18,04:56:13
,Silver Spot,SI=F,66.57,-0.02,2026-09-18,04:56:13
,Crude Oil Spot,CL=F,100.84,-0.01,2026-09-18,04:56:13
,Nifty 50 Index,^NSEI,23308.45,0.0,2026-09-18,04:56:13
,Gold Spot,GC=F,4406.0,0.0,2026-09-18,05:15:50
,Silver Spot,SI=F,66.64,0.0,2026-09-18,05:15:50
,Crude Oil Spot,CL=F,100.94,-0.03,2026-09-18,05:15:50
,Nifty 50 Index,^NSEI,23305.0,-0.0,2026-09-18,05:15:50
,Gold Spot,GC=F,4402.4,-0.02,2026-09-18,05:41:54
,Silver Spot,SI=F,66.78,-0.12,2026-09-18,05:41:54
,Crude Oil Spot,CL=F,101.02,-0.03,2026-09-18,05:41:54
,Nifty 50 Index,^NSEI,23307.6,0.03,2026-09-18,05:41:54
,Gold Spot,GC=F,4415.7,0.04,2026-09-18,05:54:33
,Silver Spot,SI=F,67.11,0.01,2026-09-18,05:54:33
,Crude Oil Spot,CL=F,100.84,-0.02,2026-09-18,05:54:33
,Nifty 50 Index,^NSEI,23301.4,-0.0,2026-09-18,05:54:33
,Gold Spot,GC=F,4427.7,0.02,2026-09-18,06:20:33
,Silver Spot,SI=F,67.22,0.04,2026-09-18,06:20:33
,Crude Oil Spot,CL=F,100.88,-0.06,2026-09-18,06:20:33
,Nifty 50 Index,^NSEI,23311.2,0.02,2026-09-18,06:20:33
,Gold Spot,GC=F,4432.3,0.0,2026-09-18,06:47:13
,Silver Spot,SI=F,67.21,-0.03,2026-09-18,06:47:13
,Crude Oil Spot,CL=F,100.0,-0.06,2026-09-18,06:47:13
,Nifty 50 Index,^NSEI,23319.45,-0.0,2026-09-18,06:47:13
,Gold Spot,GC=F,4432.4,0.01,2026-09-18,07:16:05
,Silver Spot,SI=F,67.36,0.0,2026-09-18,07:16:05
,Crude Oil Spot,CL=F,100.18,0.0,2026-09-18,07:16:05
,Nifty 50 Index,^NSEI,23330.75,-0.0,2026-09-18,07:16:05
,Reliance Industries GDR,RIGD.IL,51.6,-0.19,2026-09-18,07:16:05
,Gold Spot,GC=F,4432.5,-0.0,2026-09-18,07:42:44
,Silver Spot,SI=F,67.54,-0.04,2026-09-18,07:42:44
,Crude Oil Spot,CL=F,95.16,0.04,2026-09-18,07:42:44
,Nifty 50 Index,^NSEI,23331.9,0.02,2026-09-18,07:42:44
,Reliance Industries GDR,RIGD.IL,51.7,-0.19,2026-09-18,07:42:44
,Gold Spot,GC=F,4435.0,-0.0,2026-09-18,07:56:09
,Crude Oil Spot,CL=F,95.24,0.0,2026-09-18,07:56:09
,Nifty 50 Index,^NSEI,23322.35,0.0,2026-09-18,07:56:09
,Gold Spot,GC=F,4437.0,-0.01,2026-09-18,08:18:15
,Silver Spot,SI=F,67.57,0.0,2026-09-18,08:18:15
,Crude Oil Spot,CL=F,95.39,0.01,2026-09-18,08:18:15
,Nifty 50 Index,^NSEI,23316.95,-0.01,2026-09-18,08:18:15
,Reliance Industries GDR,RIGD.IL,51.8,0.0,2026-09-18,08:18:15
,Gold Spot,GC=F,4427.7,0.0,2026-09-18,08:43:45
,Crude Oil Spot,CL=F,95.78,-0.04,2026-09-18,08:43:45
,Nifty 50 Index,^NSEI,23347.6,-0.03,2026-09-18,08:43:45
,Reliance Industries GDR,RIGD.IL,51.7,0.19,2026-09-18,08:43:45
,Gold Spot,GC=F,4426.7,0.0,2026-09-18,08:57:20
,Silver Spot,SI=F,67.56,0.03,2026-09-18,08:57:20
,Crude Oil Spot,CL=F,95.68,0.02,2026-09-18,08:57:20
,Nifty 50 Index,^NSEI,23353.15,0.0,2026-09-18,08:57:20
,Reliance Industries GDR,RIGD.IL,51.8,0.19,2026-09-18,08:57:20
,Gold Spot,GC=F,4436.4,0.0,2026-09-18,09:18:19
,Silver Spot,SI=F,67.87,-0.01,2026-09-18,09:18:19
,Crude Oil Spot,CL=F,95.29,0.0,2026-09-18,09:18:19
,Nifty 50 Index,^NSEI,23363.9,-0.01,2026-09-18,09:18:19
,Reliance Industries GDR,RIGD.IL,51.7,0.0,2026-09-18,09:18:19
,Gold Spot,GC=F,4428.6,-0.0,2026-09-18,09:42:18
,Silver Spot,SI=F,67.71,0.03,2026-09-18,09:42:18
,Crude Oil Spot,CL=F,95.89,0.01,2026-09-18,09:42:18
,Nifty 50 Index,^NSEI,23342.8,-0.0,2026-09-18,09:42:18
,Gold Spot,GC=F,4415.3,-0.03,2026-09-18,09:55:34
,Silver Spot,SI=F,67.56,-0.06,2026-09-18,09:55:34
,Crude Oil Spot,CL=F,96.48,0.03,2026-09-18,09:55:34
,Nifty 50 Index,^NSEI,23341.85,0.0,2026-09-18,09:55:34
,Reliance Industries GDR,RIGD.IL,51.8,-0.19,2026-09-18,09:55:34
,Gold Spot,GC=F,4417.8,0.02,2026-09-18,10:16:55
,Silver Spot,SI=F,67.52,-0.01,2026-09-18,10:16:55
,Crude Oil Spot,CL=F,96.24,-0.09,2026-09-18,10:16:55
,Nifty 50 Index,^NSEI,23346.4,0.0,2026-09-18,10:16:55
,Reliance Industries GDR,RIGD.IL,51.4,0.0,2026-09-18,10:16:55
,Gold Spot,GC=F,4418.7,-0.03,2026-09-18,10:42:36
,Silver Spot,SI=F,67.49,-0.01,2026-09-18,10:42:36
,Crude Oil Spot,CL=F,95.83,0.07,2026-09-18,10:42:36
,Reliance Industries GDR,RIGD.IL,51.6,0.19,2026-09-18,10:42:36
,Gold Spot,GC=F,4420.5,-0.01,2026-09-18,10:55:31
,Silver Spot,SI=F,67.54,0.0,2026-09-18,10:55:31
,Crude Oil Spot,CL=F,95.76,0.0,2026-09-18,10:55:31
,Reliance Industries GDR,RIGD.IL,51.5,0.19,2026-09-18,10:55:31
,Gold Spot,GC=F,4420.6,-0.09,2026-09-18,11:15:41
,Silver Spot,SI=F,67.57,-0.18,2026-09-18,11:15:41
,Crude Oil Spot,CL=F,96.08,0.68,2026-09-18,11:15:41
,Gold Spot,GC=F,4418.0,0.02,2026-09-18,11:41:52
,Silver Spot,SI=F,67.61,0.06,2026-09-18,11:41:52
,Crude Oil Spot,CL=F,96.13,-0.07,2026-09-18,11:41:52
,Reliance Industries GDR,RIGD.IL,51.4,0.0,2026-09-18,11:41:52
,Gold Spot,GC=F,4415.4,0.03,2026-09-18,11:54:28
,Silver Spot,SI=F,67.5,0.1,2026-09-18,11:54:28
,Gold Spot,GC=F,4412.9,0.03,2026-09-18,12:19:30
,Silver Spot,SI=F,67.22,0.01,2026-09-18,12:19:30
,Crude Oil Spot,CL=F,96.29,-0.11,2026-09-18,12:19:30
,Gold Spot,GC=F,4410.1,-0.02,2026-09-18,12:46:56
,Silver Spot,SI=F,67.32,0.04,2026-09-18,12:46:56
,Crude Oil Spot,CL=F,96.82,0.11,2026-09-18,12:46:56
,Gold Spot,GC=F,4410.2,0.0,2026-09-18,13:15:11
,Silver Spot,SI=F,67.07,-0.04,2026-09-18,13:15:11
,Crude Oil Spot,CL=F,97.3,-0.04,2026-09-18,13:15:11
,Gold Spot,GC=F,4406.6,0.0,2026-09-18,13:32:04
,Silver Spot,SI=F,67.14,0.0,2026-09-18,13:32:04
,Crude Oil Spot,CL=F,97.55,0.0,2026-09-18,13:32:04
,NASDAQ 100 Index,^NDX,29555.58,0.11,2026-09-18,13:32:04
,HDFC Bank ADR,HDB,23.29,-0.09,2026-09-18,13:32:04
,Infosys ADR,INFY,10.93,0.0,2026-09-18,13:32:04
,Wipro ADR,WIT,1.67,-0.6,2026-09-18,13:32:04
,ICICI Bank ADR,IBN,28.04,0.14,2026-09-18,13:32:04
,Dr. Reddy ADR,RDY,12.21,0.33,2026-09-18,13:32:04
,Reliance Industries GDR,RIGD.IL,51.3,-0.19,2026-09-18,13:32:04
,Gold Spot,GC=F,4391.7,-0.01,2026-09-18,13:54:36
,Silver Spot,SI=F,66.92,0.0,2026-09-18,13:54:36
,Crude Oil Spot,CL=F,97.87,-0.05,2026-09-18,13:54:36
,NASDAQ 100 Index,^NDX,29498.43,-0.03,2026-09-18,13:54:36
,HDFC Bank ADR,HDB,23.22,0.0,2026-09-18,13:54:36
,Infosys ADR,INFY,10.89,0.09,2026-09-18,13:54:36
,Wipro ADR,WIT,1.66,0.0,2026-09-18,13:54:36
,ICICI Bank ADR,IBN,28.0,-0.04,2026-09-18,13:54:36
,Dr. Reddy ADR,RDY,12.2,-0.08,2026-09-18,13:54:36
,Reliance Industries GDR,RIGD.IL,51.2,-0.19,2026-09-18,13:54:36
,Gold Spot,GC=F,4391.5,-0.07,2026-09-18,14:15:42
,Silver Spot,SI=F,66.79,-0.13,2026-09-18,14:15:42
,Crude Oil Spot,CL=F,97.55,0.04,2026-09-18,14:15:42
,NASDAQ 100 Index,^NDX,29431.26,-0.01,2026-09-18,14:15:42
,HDFC Bank ADR,HDB,23.07,0.0,2026-09-18,14:15:42
,Infosys ADR,INFY,10.87,-0.09,2026-09-18,14:15:42
,Wipro ADR,WIT,1.65,0.0,2026-09-18,14:15:42
,ICICI Bank ADR,IBN,28.02,-0.07,2026-09-18,14:15:42
,Dr. Reddy ADR,RDY,12.23,0.0,2026-09-18,14:15:42
,Reliance Industries GDR,RIGD.IL,51.1,0.0,2026-09-18,14:15:42
,Gold Spot,GC=F,4384.0,-0.01,2026-09-18,14:43:20
,Silver Spot,SI=F,66.61,0.0,2026-09-18,14:43:20
,Crude Oil Spot,CL=F,97.78,-0.06,2026-09-18,14:43:20
,NASDAQ 100 Index,^NDX,29423.59,0.0,2026-09-18,14:43:20
,HDFC Bank ADR,HDB,23.11,0.0,2026-09-18,14:43:20
,Wipro ADR,WIT,1.66,-0.6,2026-09-18,14:43:20
,ICICI Bank ADR,IBN,28.01,-0.04,2026-09-18,14:43:20
,Dr. Reddy ADR,RDY,12.18,-0.08,2026-09-18,14:43:20
,Reliance Industries GDR,RIGD.IL,51.2,0.0,2026-09-18,14:43:20
,Gold Spot,GC=F,4391.8,0.01,2026-09-18,14:57:00
,Silver Spot,SI=F,66.81,0.04,2026-09-18,14:57:00
,Crude Oil Spot,CL=F,97.43,-0.24,2026-09-18,14:57:00
,NASDAQ 100 Index,^NDX,29469.02,0.0,2026-09-18,14:57:00
,HDFC Bank ADR,HDB,23.13,0.17,2026-09-18,14:57:00
,Infosys ADR,INFY,10.88,0.0,2026-09-18,14:57:00
,Wipro ADR,WIT,1.67,0.0,2026-09-18,14:57:00
,ICICI Bank ADR,IBN,28.03,0.0,2026-09-18,14:57:00
,Dr. Reddy ADR,RDY,12.17,0.0,2026-09-18,14:57:00
,Reliance Industries GDR,RIGD.IL,51.1,-0.2,2026-09-18,14:57:00
,Gold Spot,GC=F,4393.7,-0.0,2026-09-18,15:17:50
,Silver Spot,SI=F,66.89,0.0,2026-09-18,15:17:50
,Crude Oil Spot,CL=F,96.98,0.01,2026-09-18,15:17:50
,NASDAQ 100 Index,^NDX,29438.78,-0.01,2026-09-18,15:17:50
,HDFC Bank ADR,HDB,23.14,-0.09,2026-09-18,15:17:50
,Infosys ADR,INFY,10.9,0.0,2026-09-18,15:17:50
,Dr. Reddy ADR,RDY,12.14,-0.08,2026-09-18,15:17:50
,Reliance Industries GDR,RIGD.IL,51.0,0.0,2026-09-18,15:17:50
,Gold Spot,GC=F,4393.9,0.04,2026-09-18,15:43:30
,Silver Spot,SI=F,66.83,0.06,2026-09-18,15:43:30
,Crude Oil Spot,CL=F,97.23,-0.05,2026-09-18,15:43:30
,NASDAQ 100 Index,^NDX,29435.14,0.01,2026-09-18,15:43:30
,HDFC Bank ADR,HDB,23.11,0.0,2026-09-18,15:43:30
,Wipro ADR,WIT,1.66,0.0,2026-09-18,15:43:30
,ICICI Bank ADR,IBN,28.0,-0.04,2026-09-18,15:43:30
,Dr. Reddy ADR,RDY,12.16,0.0,2026-09-18,15:43:30
,Reliance Industries GDR,RIGD.IL,51.2,0.2,2026-09-18,15:43:30
,Gold Spot,GC=F,4392.9,0.0,2026-09-18,15:56:02
,Silver Spot,SI=F,66.9,0.07,2026-09-18,15:56:02
,Crude Oil Spot,CL=F,97.07,0.01,2026-09-18,15:56:02
,NASDAQ 100 Index,^NDX,29424.69,0.0,2026-09-18,15:56:02
,HDFC Bank ADR,HDB,23.15,0.0,2026-09-18,15:56:02
,Wipro ADR,WIT,1.67,0.0,2026-09-18,15:56:02
,ICICI Bank ADR,IBN,28.08,0.04,2026-09-18,15:56:02
,Dr. Reddy ADR,RDY,12.15,0.0,2026-09-18,15:56:02
,Reliance Industries GDR,RIGD.IL,51.1,0.0,2026-09-18,15:56:02
,Gold Spot,GC=F,4396.0,-0.02,2026-09-18,16:16:19
,Silver Spot,SI=F,66.78,0.03,2026-09-18,16:16:19
,Crude Oil Spot,CL=F,96.63,-0.03,2026-09-18,16:16:19
,NASDAQ 100 Index,^NDX,29425.29,0.01,2026-09-18,16:16:19
,HDFC Bank ADR,HDB,23.1,0.04,2026-09-18,16:16:19
,Infosys ADR,INFY,10.86,0.0,2026-09-18,16:16:19
,Gold Spot,GC=F,4413.7,-0.03,2026-09-18,16:41:59
,Silver Spot,SI=F,67.12,0.0,2026-09-18,16:41:59
,Crude Oil Spot,CL=F,96.36,0.02,2026-09-18,16:41:59
,NASDAQ 100 Index,^NDX,29417.11,-0.01,2026-09-18,16:41:59
,HDFC Bank ADR,HDB,23.09,0.0,2026-09-18,16:41:59
,ICICI Bank ADR,IBN,28.07,-0.04,2026-09-18,16:41:59
,Dr. Reddy ADR,RDY,12.2,-0.08,2026-09-18,16:41:59
,Gold Spot,GC=F,4416.6,0.01,2026-09-18,16:54:43
,Silver Spot,SI=F,67.13,0.01,2026-09-18,16:54:43
,Crude Oil Spot,CL=F,96.01,-0.01,2026-09-18,16:54:43
,NASDAQ 100 Index,^NDX,29439.02,-0.01,2026-09-18,16:54:43
,HDFC Bank ADR,HDB,23.15,0.04,2026-09-18,16:54:43
,Infosys ADR,INFY,10.85,0.0,2026-09-18,16:54:43
,ICICI Bank ADR,IBN,28.09,-0.04,2026-09-18,16:54:43
,Gold Spot,GC=F,4425.2,0.07,2026-09-18,17:13:49
,Silver Spot,SI=F,67.17,0.1,2026-09-18,17:13:49
,Crude Oil Spot,CL=F,96.08,-0.04,2026-09-18,17:13:49
,NASDAQ 100 Index,^NDX,29451.83,0.03,2026-09-18,17:13:49
,HDFC Bank ADR,HDB,23.14,0.04,2026-09-18,17:13:49
,Wipro ADR,WIT,1.66,0.0,2026-09-18,17:13:49
,ICICI Bank ADR,IBN,28.08,0.0,2026-09-18,17:13:49
,Gold Spot,GC=F,4426.0,-0.01,2026-09-18,17:28:43
,Silver Spot,SI=F,67.23,-0.04,2026-09-18,17:28:43
,Crude Oil Spot,CL=F,95.82,0.04,2026-09-18,17:28:43
,NASDAQ 100 Index,^NDX,29459.68,-0.01,2026-09-18,17:28:43
,Wipro ADR,WIT,1.67,0.0,2026-09-18,17:28:43
,ICICI Bank ADR,IBN,28.09,0.0,2026-09-18,17:28:43
,Dr. Reddy ADR,RDY,12.19,0.0,2026-09-18,17:28:43
,Gold Spot,GC=F,4425.3,0.02,2026-09-18,17:42:33
,Silver Spot,SI=F,67.18,-0.01,2026-09-18,17:42:33
,Crude Oil Spot,CL=F,95.93,-0.01,2026-09-18,17:42:33
,NASDAQ 100 Index,^NDX,29467.9,-0.01,2026-09-18,17:42:33
,HDFC Bank ADR,HDB,23.08,-0.09,2026-09-18,17:42:33
,Infosys ADR,INFY,10.82,0.0,2026-09-18,17:42:33
,Wipro ADR,WIT,1.66,0.0,2026-09-18,17:42:33
,ICICI Bank ADR,IBN,28.06,-0.07,2026-09-18,17:42:33
,Dr. Reddy ADR,RDY,12.2,0.08,2026-09-18,17:42:33
,Gold Spot,GC=F,4430.5,-0.02,2026-09-18,17:55:07
,Silver Spot,SI=F,67.25,0.0,2026-09-18,17:55:07
,Crude Oil Spot,CL=F,96.1,0.07,2026-09-18,17:55:07
,NASDAQ 100 Index,^NDX,29475.11,-0.0,2026-09-18,17:55:07
,HDFC Bank ADR,HDB,23.12,-0.04,2026-09-18,17:55:07
,Infosys ADR,INFY,10.83,-0.09,2026-09-18,17:55:07
,ICICI Bank ADR,IBN,28.08,0.0,2026-09-18,17:55:07
,Gold Spot,GC=F,4430.3,0.04,2026-09-18,18:17:46
,Crude Oil Spot,CL=F,95.87,0.04,2026-09-18,18:17:46
,NASDAQ 100 Index,^NDX,29470.26,-0.01,2026-09-18,18:17:46
,HDFC Bank ADR,HDB,23.13,-0.04,2026-09-18,18:17:46
,Infosys ADR,INFY,10.84,0.09,2026-09-18,18:17:46
,Wipro ADR,WIT,1.67,0.0,2026-09-18,18:17:46
,ICICI Bank ADR,IBN,28.09,0.0,2026-09-18,18:17:46
,Gold Spot,GC=F,4426.1,0.01,2026-09-18,18:42:51
,Silver Spot,SI=F,67.19,0.0,2026-09-18,18:42:51
,Crude Oil Spot,CL=F,95.9,0.01,2026-09-18,18:42:51
,NASDAQ 100 Index,^NDX,29492.24,-0.0,2026-09-18,18:42:51
,HDFC Bank ADR,HDB,23.14,0.0,2026-09-18,18:42:51
,Infosys ADR,INFY,10.86,-0.09,2026-09-18,18:42:51
,Wipro ADR,WIT,1.66,0.0,2026-09-18,18:42:51
,ICICI Bank ADR,IBN,28.08,-0.04,2026-09-18,18:42:51
,Gold Spot,GC=F,4419.5,0.0,2026-09-18,18:55:45
,Silver Spot,SI=F,67.07,0.01,2026-09-18,18:55:45
,Crude Oil Spot,CL=F,95.59,-0.03,2026-09-18,18:55:45
,NASDAQ 100 Index,^NDX,29540.59,-0.02,2026-09-18,18:55:45
,HDFC Bank ADR,HDB,23.12,0.0,2026-09-18,18:55:45
,ICICI Bank ADR,IBN,28.09,0.04,2026-09-18,18:55:45
,Dr. Reddy ADR,RDY,12.21,0.08,2026-09-18,18:55:45
,Gold Spot,GC=F,4421.9,0.02,2026-09-18,19:15:31
,Silver Spot,SI=F,66.96,0.03,2026-09-18,19:15:31
,Crude Oil Spot,CL=F,95.41,-0.01,2026-09-18,19:15:31
,NASDAQ 100 Index,^NDX,29540.06,-0.01,2026-09-18,19:15:31
,HDFC Bank ADR,HDB,23.07,0.0,2026-09-18,19:15:31
,ICICI Bank ADR,IBN,28.11,0.0,2026-09-18,19:15:31
,Dr. Reddy ADR,RDY,12.22,0.08,2026-09-18,19:15:31
,Gold Spot,GC=F,4418.9,0.0,2026-09-18,19:39:12
,Crude Oil Spot,CL=F,95.59,0.02,2026-09-18,19:39:12
,NASDAQ 100 Index,^NDX,29545.32,0.01,2026-09-18,19:39:12
,HDFC Bank ADR,HDB,23.1,0.0,2026-09-18,19:39:12
,Infosys ADR,INFY,10.84,0.0,2026-09-18,19:39:12
,ICICI Bank ADR,IBN,28.08,0.0,2026-09-18,19:39:12
,Gold Spot,GC=F,4419.4,-0.0,2026-09-18,19:53:32
,Silver Spot,SI=F,66.97,0.0,2026-09-18,19:53:32
,NASDAQ 100 Index,^NDX,29574.0,0.0,2026-09-18,19:53:32
,HDFC Bank ADR,HDB,23.14,0.0,2026-09-18,19:53:32
,ICICI Bank ADR,IBN,28.11,0.0,2026-09-18,19:53:32
,Dr. Reddy ADR,RDY,12.2,0.0,2026-09-18,19:53:32
,Gold Spot,GC=F,4415.6,-0.03,2026-09-18,20:15:13
,Silver Spot,SI=F,66.89,0.0,2026-09-18,20:15:13
,Crude Oil Spot,CL=F,95.67,-0.02,2026-09-18,20:15:13
,NASDAQ 100 Index,^NDX,29634.1,0.01,2026-09-18,20:15:13
,HDFC Bank ADR,HDB,23.16,-0.04,2026-09-18,20:15:13
,Infosys ADR,INFY,10.82,0.0,2026-09-18,20:15:13
,ICICI Bank ADR,IBN,28.15,0.14,2026-09-18,20:15:13
,Dr. Reddy ADR,RDY,12.19,0.08,2026-09-18,20:15:13
,Gold Spot,GC=F,4419.9,0.0,2026-09-18,20:32:06
,Silver Spot,SI=F,66.94,0.0,2026-09-18,20:32:06
,Crude Oil Spot,CL=F,95.43,0.0,2026-09-18,20:32:06
,Infosys ADR,INFY,10.83,0.09,2026-09-18,20:32:06
,Wipro ADR,WIT,1.65,-0.6,2026-09-18,20:32:06
,Gold Spot,GC=F,4418.8,-0.0,2026-09-18,20:53:31
,Silver Spot,SI=F,66.87,-0.01,2026-09-18,20:53:31
,Crude Oil Spot,CL=F,95.37,0.0,2026-09-18,20:53:31
,Gold Spot,GC=F,4415.9,-0.0,2026-09-18,21:15:09
,Silver Spot,SI=F,66.79,0.04,2026-09-18,21:15:09
,Crude Oil Spot,CL=F,95.47,0.01,2026-09-18,21:15:09
,Gold Spot,GC=F,4404.3,0.0,2026-09-21,00:22:42
,Silver Spot,SI=F,66.89,0.04,2026-09-21,00:22:42
,Crude Oil Spot,CL=F,95.74,-0.02,2026-09-21,00:22:42
,Gold Spot,GC=F,4408.6,0.0,2026-09-21,00:47:29
,Crude Oil Spot,CL=F,95.11,-0.05,2026-09-21,00:47:29
,Gold Spot,GC=F,4408.3,-0.05,2026-09-21,01:14:50
,Silver Spot,SI=F,67.19,-0.1,2026-09-21,01:14:50
,Crude Oil Spot,CL=F,94.37,0.1,2026-09-21,01:14:50
,Gold Spot,GC=F,4415.0,-0.03,2026-09-21,01:32:27
,Silver Spot,SI=F,67.26,-0.07,2026-09-21,01:32:27
,Crude Oil Spot,CL=F,93.76,0.01,2026-09-21,01:32:27
,Gold Spot,GC=F,4418.1,0.0,2026-09-21,01:55:20
,Silver Spot,SI=F,67.19,-0.03,2026-09-21,01:55:20
,Crude Oil Spot,CL=F,93.92,-0.01,2026-09-21,01:55:20
,Gold Spot,GC=F,4411.6,-0.07,2026-09-21,02:15:51
,Silver Spot,SI=F,67.04,-0.1,2026-09-21,02:15:51
,Crude Oil Spot,CL=F,94.1,0.19,2026-09-21,02:15:51
,Gold Spot,GC=F,4404.8,-0.01,2026-09-21,02:43:12
,Silver Spot,SI=F,66.86,-0.01,2026-09-21,02:43:12
,Crude Oil Spot,CL=F,94.05,-0.01,2026-09-21,02:43:12
,Gold Spot,GC=F,4406.1,-0.04,2026-09-21,02:57:30
,Silver Spot,SI=F,66.96,-0.04,2026-09-21,02:57:30
,Crude Oil Spot,CL=F,93.79,-0.07,2026-09-21,02:57:30
,Gold Spot,GC=F,4398.2,-0.01,2026-09-21,03:19:19
,Silver Spot,SI=F,66.79,-0.04,2026-09-21,03:19:19
,Crude Oil Spot,CL=F,93.96,0.01,2026-09-21,03:19:19
,Gold Spot,GC=F,4402.7,0.05,2026-09-21,03:44:53
,Silver Spot,SI=F,66.86,0.06,2026-09-21,03:44:53
,Crude Oil Spot,CL=F,93.91,0.02,2026-09-21,03:44:53
,Gold Spot,GC=F,4402.0,-0.02,2026-09-21,03:58:57
,Crude Oil Spot,CL=F,93.97,0.15,2026-09-21,03:58:57
,Nifty 50 Index,^NSEI,23394.7,0.0,2026-09-21,03:58:57
,Gold Spot,GC=F,4395.8,0.0,2026-09-21,04:20:29
,Silver Spot,SI=F,66.71,0.0,2026-09-21,04:20:29
,Crude Oil Spot,CL=F,94.01,-0.03,2026-09-21,04:20:29
,Nifty 50 Index,^NSEI,23403.0,0.01,2026-09-21,04:20:29
,Gold Spot,GC=F,4398.9,0.04,2026-09-21,04:44:40
,Silver Spot,SI=F,66.91,0.03,2026-09-21,04:44:40
,Crude Oil Spot,CL=F,94.04,0.02,2026-09-21,04:44:40
,Nifty 50 Index,^NSEI,23375.1,-0.02,2026-09-21,04:44:40
,Gold Spot,GC=F,4397.4,-0.03,2026-09-21,04:59:35
,Crude Oil Spot,CL=F,93.94,0.0,2026-09-21,04:59:35
,Nifty 50 Index,^NSEI,23370.25,0.01,2026-09-21,04:59:35
,Gold Spot,GC=F,4392.9,0.02,2026-09-21,05:19:56
,Silver Spot,SI=F,66.68,0.0,2026-09-21,05:19:56
,Crude Oil Spot,CL=F,94.27,0.01,2026-09-21,05:19:56
,Nifty 50 Index,^NSEI,23376.8,0.01,2026-09-21,05:19:56
,Silver Spot,SI=F,66.62,-0.09,2026-09-21,05:43:07
,Crude Oil Spot,CL=F,94.39,0.01,2026-09-21,05:43:07
,Nifty 50 Index,^NSEI,23398.55,0.01,2026-09-21,05:43:07
,Gold Spot,GC=F,4389.7,-0.0,2026-09-21,05:57:14
,Silver Spot,SI=F,66.54,0.02,2026-09-21,05:57:14
,Crude Oil Spot,CL=F,94.4,0.03,2026-09-21,05:57:14
,Nifty 50 Index,^NSEI,23396.55,0.01,2026-09-21,05:57:14
,Gold Spot,GC=F,4390.2,-0.0,2026-09-21,06:26:24
,Silver Spot,SI=F,66.63,0.02,2026-09-21,06:26:24
,Crude Oil Spot,CL=F,94.27,0.02,2026-09-21,06:26:24
,Nifty 50 Index,^NSEI,23418.5,0.01,2026-09-21,06:26:24
,Gold Spot,GC=F,4388.9,0.01,2026-09-21,06:50:03
,Silver Spot,SI=F,66.56,0.08,2026-09-21,06:50:03
,Crude Oil Spot,CL=F,94.0,-0.01,2026-09-21,06:50:03
,Gold Spot,GC=F,4392.6,0.01,2026-09-21,07:17:18
,Silver Spot,SI=F,66.57,0.0,2026-09-21,07:17:18
,Crude Oil Spot,CL=F,94.03,0.0,2026-09-21,07:17:18
,Nifty 50 Index,^NSEI,23412.85,-0.01,2026-09-21,07:17:18
,Reliance Industries GDR,RIGD.IL,51.5,-0.19,2026-09-21,07:17:18
,Gold Spot,GC=F,4389.9,0.0,2026-09-21,07:44:43
,Silver Spot,SI=F,66.45,0.05,2026-09-21,07:44:43
,Crude Oil Spot,CL=F,93.92,0.02,2026-09-21,07:44:43
,Nifty 50 Index,^NSEI,23408.0,0.0,2026-09-21,07:44:43
,Gold Spot,GC=F,4385.5,0.03,2026-09-21,07:58:49
,Silver Spot,SI=F,66.42,0.09,2026-09-21,07:58:49
,Crude Oil Spot,CL=F,94.26,0.06,2026-09-21,07:58:49
,Nifty 50 Index,^NSEI,23430.4,0.0,2026-09-21,07:58:49
,Gold Spot,GC=F,4388.0,0.04,2026-09-21,08:21:56
,Silver Spot,SI=F,66.63,0.12,2026-09-21,08:21:56
,Crude Oil Spot,CL=F,94.12,-0.03,2026-09-21,08:21:56
,Nifty 50 Index,^NSEI,23436.35,0.01,2026-09-21,08:21:56
,Gold Spot,GC=F,4392.6,-0.0,2026-09-21,08:44:10
,Silver Spot,SI=F,66.73,-0.01,2026-09-21,08:44:10
,Crude Oil Spot,CL=F,93.72,0.0,2026-09-21,08:44:10
,Nifty 50 Index,^NSEI,23456.95,0.0,2026-09-21,08:44:10
,Reliance Industries GDR,RIGD.IL,51.6,0.0,2026-09-21,08:44:10
,Gold Spot,GC=F,4391.2,-0.04,2026-09-21,08:58:01
,Silver Spot,SI=F,66.71,-0.07,2026-09-21,08:58:01
,Crude Oil Spot,CL=F,94.01,-0.07,2026-09-21,08:58:01
,Nifty 50 Index,^NSEI,23458.8,0.0,2026-09-21,08:58:01
,Reliance Industries GDR,RIGD.IL,51.7,0.19,2026-09-21,08:58:01
,Gold Spot,GC=F,4390.9,0.01,2026-09-21,09:20:21
,Crude Oil Spot,CL=F,94.26,0.03,2026-09-21,09:20:21
,Nifty 50 Index,^NSEI,23454.1,0.02,2026-09-21,09:20:21
,Reliance Industries GDR,RIGD.IL,51.5,-0.19,2026-09-21,09:20:21
,Gold Spot,GC=F,4380.7,0.02,2026-09-21,09:43:09
,Silver Spot,SI=F,66.57,-0.03,2026-09-21,09:43:09
,Crude Oil Spot,CL=F,94.17,-0.01,2026-09-21,09:43:09
,Nifty 50 Index,^NSEI,23429.5,0.0,2026-09-21,09:43:09
,Gold Spot,GC=F,4384.1,-0.02,2026-09-21,09:57:09
,Silver Spot,SI=F,66.69,-0.06,2026-09-21,09:57:09
,Crude Oil Spot,CL=F,94.09,-0.01,2026-09-21,09:57:09
,Nifty 50 Index,^NSEI,23429.0,0.0,2026-09-21,09:57:09
,Reliance Industries GDR,RIGD.IL,51.7,0.0,2026-09-21,09:57:09
,Gold Spot,GC=F,4389.1,0.0,2026-09-21,10:18:38
,Silver Spot,SI=F,66.76,-0.03,2026-09-21,10:18:38
,Crude Oil Spot,CL=F,93.76,0.0,2026-09-21,10:18:38
,Gold Spot,GC=F,4388.9,0.0,2026-09-21,10:42:13
,Silver Spot,SI=F,66.67,-0.06,2026-09-21,10:42:13
,Crude Oil Spot,CL=F,93.03,0.0,2026-09-21,10:42:13
,Gold Spot,GC=F,4386.1,0.0,2026-09-21,10:55:50
,Silver Spot,SI=F,66.52,-0.02,2026-09-21,10:55:50
,Reliance Industries GDR,RIGD.IL,51.9,0.19,2026-09-21,10:55:50
,Gold Spot,GC=F,4383.1,0.01,2026-09-21,11:15:55
,Silver Spot,SI=F,66.37,0.0,2026-09-21,11:15:55
,Crude Oil Spot,CL=F,93.58,0.04,2026-09-21,11:15:55
,Gold Spot,GC=F,4393.6,0.0,2026-09-21,11:43:24
,Silver Spot,SI=F,66.74,0.03,2026-09-21,11:43:24
,Crude Oil Spot,CL=F,93.67,-0.02,2026-09-21,11:43:24
,Gold Spot,GC=F,4404.2,0.01,2026-09-21,11:56:32
,Silver Spot,SI=F,66.97,0.03,2026-09-21,11:56:32
,Crude Oil Spot,CL=F,93.39,0.02,2026-09-21,11:56:32
,Gold Spot,GC=F,4405.9,-0.0,2026-09-21,12:21:29
,Silver Spot,SI=F,67.09,-0.01,2026-09-21,12:21:29
,Crude Oil Spot,CL=F,93.36,-0.02,2026-09-21,12:21:29
,Gold Spot,GC=F,4394.8,-0.01,2026-09-21,12:44:56
,Silver Spot,SI=F,67.2,-0.01,2026-09-21,12:44:56
,Crude Oil Spot,CL=F,93.63,0.0,2026-09-21,12:44:56
,Reliance Industries GDR,RIGD.IL,51.8,-0.19,2026-09-21,12:44:56
,Gold Spot,GC=F,4395.6,0.04,2026-09-21,12:58:57
,Silver Spot,SI=F,67.18,0.03,2026-09-21,12:58:57
,Crude Oil Spot,CL=F,93.3,0.02,2026-09-21,12:58:57
,Reliance Industries GDR,RIGD.IL,51.9,0.19,2026-09-21,12:58:57
,Gold Spot,GC=F,4399.7,-0.01,2026-09-21,13:19:55
,Silver Spot,SI=F,67.1,-0.06,2026-09-21,13:19:55
,Crude Oil Spot,CL=F,92.97,-0.06,2026-09-21,13:19:55
,Gold Spot,GC=F,4392.2,-0.02,2026-09-21,13:43:17
,Silver Spot,SI=F,66.83,-0.03,2026-09-21,13:43:17
,Crude Oil Spot,CL=F,93.05,0.08,2026-09-21,13:43:17
,NASDAQ 100 Index,^NDX,30027.78,-0.0,2026-09-21,13:43:17
,HDFC Bank ADR,HDB,23.66,0.04,2026-09-21,13:43:17
,Infosys ADR,INFY,10.89,-0.09,2026-09-21,13:43:17
,Wipro ADR,WIT,1.67,0.0,2026-09-21,13:43:17
,ICICI Bank ADR,IBN,28.25,0.0,2026-09-21,13:43:17
,Dr. Reddy ADR,RDY,12.32,-0.16,2026-09-21,13:43:17
,Reliance Industries GDR,RIGD.IL,51.8,-0.19,2026-09-21,13:43:17
,Gold Spot,GC=F,4390.4,-0.05,2026-09-21,13:57:53
,Silver Spot,SI=F,66.93,-0.04,2026-09-21,13:57:53
,Crude Oil Spot,CL=F,92.88,0.16,2026-09-21,13:57:53
,NASDAQ 100 Index,^NDX,30110.84,0.02,2026-09-21,13:57:53
,HDFC Bank ADR,HDB,23.68,0.0,2026-09-21,13:57:53
,ICICI Bank ADR,IBN,28.23,0.0,2026-09-21,13:57:53
,Dr. Reddy ADR,RDY,12.35,-0.24,2026-09-21,13:57:53
,Reliance Industries GDR,RIGD.IL,51.9,0.0,2026-09-21,13:57:53
,Gold Spot,GC=F,4373.0,0.05,2026-09-21,14:19:18
,Silver Spot,SI=F,66.67,0.06,2026-09-21,14:19:18
,Crude Oil Spot,CL=F,92.57,0.05,2026-09-21,14:19:18
,NASDAQ 100 Index,^NDX,30170.01,-0.0,2026-09-21,14:19:18
,HDFC Bank ADR,HDB,23.65,0.0,2026-09-21,14:19:18
,Infosys ADR,INFY,10.88,0.0,2026-09-21,14:19:18
,Reliance Industries GDR,RIGD.IL,51.8,-0.19,2026-09-21,14:19:18
,Gold Spot,GC=F,4380.5,0.07,2026-09-21,14:43:59
,Crude Oil Spot,CL=F,91.85,-0.18,2026-09-21,14:43:59
,NASDAQ 100 Index,^NDX,30214.68,-0.03,2026-09-21,14:43:59
,HDFC Bank ADR,HDB,23.62,-0.08,2026-09-21,14:43:59
,Infosys ADR,INFY,10.9,0.09,2026-09-21,14:43:59
,Dr. Reddy ADR,RDY,12.4,0.0,2026-09-21,14:43:59
,Reliance Industries GDR,RIGD.IL,51.9,0.19,2026-09-21,14:43:59
,Gold Spot,GC=F,4375.9,0.03,2026-09-21,14:57:35
,Silver Spot,SI=F,66.51,0.02,2026-09-21,14:57:35
,Crude Oil Spot,CL=F,91.66,-0.13,2026-09-21,14:57:35
,NASDAQ 100 Index,^NDX,30241.64,0.0,2026-09-21,14:57:35
,HDFC Bank ADR,HDB,23.64,0.0,2026-09-21,14:57:35
,Infosys ADR,INFY,10.91,0.09,2026-09-21,14:57:35
,ICICI Bank ADR,IBN,28.21,-0.04,2026-09-21,14:57:35
,Dr. Reddy ADR,RDY,12.39,0.0,2026-09-21,14:57:35
,Gold Spot,GC=F,4386.0,0.03,2026-09-21,15:17:14
,Silver Spot,SI=F,66.6,0.03,2026-09-21,15:17:14
,Crude Oil Spot,CL=F,92.28,-0.02,2026-09-21,15:17:14
,NASDAQ 100 Index,^NDX,30273.9,-0.01,2026-09-21,15:17:14
,HDFC Bank ADR,HDB,23.7,0.04,2026-09-21,15:17:14
,Infosys ADR,INFY,10.89,0.0,2026-09-21,15:17:14
,ICICI Bank ADR,IBN,28.27,0.0,2026-09-21,15:17:14
,Dr. Reddy ADR,RDY,12.38,0.0,2026-09-21,15:17:14
,Gold Spot,GC=F,4389.2,-0.0,2026-09-21,15:41:58
,Silver Spot,SI=F,66.64,0.0,2026-09-21,15:41:58
,Crude Oil Spot,CL=F,92.21,0.03,2026-09-21,15:41:58
,NASDAQ 100 Index,^NDX,30307.7,0.01,2026-09-21,15:41:58
,HDFC Bank ADR,HDB,23.57,-0.04,2026-09-21,15:41:58
,Infosys ADR,INFY,10.9,0.0,2026-09-21,15:41:58
,ICICI Bank ADR,IBN,28.23,0.04,2026-09-21,15:41:58
,Dr. Reddy ADR,RDY,12.39,0.08,2026-09-21,15:41:58
,Reliance Industries GDR,RIGD.IL,52.0,0.19,2026-09-21,15:41:58
,Gold Spot,GC=F,4388.1,0.0,2026-09-21,15:55:50
,Silver Spot,SI=F,66.66,0.0,2026-09-21,15:55:50
,Crude Oil Spot,CL=F,92.14,0.04,2026-09-21,15:55:50
,NASDAQ 100 Index,^NDX,30310.99,-0.01,2026-09-21,15:55:50
,HDFC Bank ADR,HDB,23.61,0.04,2026-09-21,15:55:50
,Infosys ADR,INFY,10.91,0.0,2026-09-21,15:55:50
,ICICI Bank ADR,IBN,28.25,0.04,2026-09-21,15:55:50
,Dr. Reddy ADR,RDY,12.4,0.0,2026-09-21,15:55:50
,Reliance Industries GDR,RIGD.IL,51.9,0.0,2026-09-21,15:55:50
,Gold Spot,GC=F,4392.1,0.09,2026-09-21,16:17:14
,Silver Spot,SI=F,66.84,0.13,2026-09-21,16:17:14
,Crude Oil Spot,CL=F,91.83,-0.18,2026-09-21,16:17:14
,NASDAQ 100 Index,^NDX,30359.28,0.01,2026-09-21,16:17:14
,HDFC Bank ADR,HDB,23.66,0.04,2026-09-21,16:17:14
,Infosys ADR,INFY,10.93,0.0,2026-09-21,16:17:14
,ICICI Bank ADR,IBN,28.27,0.0,2026-09-21,16:17:14
,Dr. Reddy ADR,RDY,12.39,0.0,2026-09-21,16:17:14
,Gold Spot,GC=F,4389.9,0.0,2026-09-21,16:43:12
,Silver Spot,SI=F,66.75,0.01,2026-09-21,16:43:12
,Crude Oil Spot,CL=F,91.7,0.01,2026-09-21,16:43:12
,NASDAQ 100 Index,^NDX,30378.8,0.01,2026-09-21,16:43:12
,HDFC Bank ADR,HDB,23.65,0.0,2026-09-21,16:43:12
,Infosys ADR,INFY,10.9,0.0,2026-09-21,16:43:12
,Dr. Reddy ADR,RDY,12.41,-0.08,2026-09-21,16:43:12
,Gold Spot,GC=F,4382.8,0.02,2026-09-21,16:57:09
,Silver Spot,SI=F,66.57,0.02,2026-09-21,16:57:09
,Crude Oil Spot,CL=F,91.42,0.0,2026-09-21,16:57:09
,NASDAQ 100 Index,^NDX,30371.94,-0.0,2026-09-21,16:57:09
,Infosys ADR,INFY,10.88,0.0,2026-09-21,16:57:09
,ICICI Bank ADR,IBN,28.28,0.0,2026-09-21,16:57:09
,Gold Spot,GC=F,4382.0,-0.0,2026-09-21,17:15:32
,Silver Spot,SI=F,66.51,0.02,2026-09-21,17:15:32
,Crude Oil Spot,CL=F,91.51,-0.07,2026-09-21,17:15:32
,NASDAQ 100 Index,^NDX,30384.72,-0.01,2026-09-21,17:15:32
,HDFC Bank ADR,HDB,23.72,0.0,2026-09-21,17:15:32
,Infosys ADR,INFY,10.9,0.09,2026-09-21,17:15:32
,ICICI Bank ADR,IBN,28.34,0.04,2026-09-21,17:15:32
,Dr. Reddy ADR,RDY,12.43,0.0,2026-09-21,17:15:32
,Gold Spot,GC=F,4380.5,-0.01,2026-09-21,17:41:39
,Silver Spot,SI=F,66.32,0.0,2026-09-21,17:41:39
,Crude Oil Spot,CL=F,91.82,0.05,2026-09-21,17:41:39
,NASDAQ 100 Index,^NDX,30383.46,0.01,2026-09-21,17:41:39
,HDFC Bank ADR,HDB,23.68,0.0,2026-09-21,17:41:39
,ICICI Bank ADR,IBN,28.32,0.0,2026-09-21,17:41:39
,Dr. Reddy ADR,RDY,12.44,0.0,2026-09-21,17:41:39
,Gold Spot,GC=F,4379.0,0.0,2026-09-21,17:54:20
,Silver Spot,SI=F,66.29,0.0,2026-09-21,17:54:20
,Crude Oil Spot,CL=F,92.16,0.05,2026-09-21,17:54:20
,NASDAQ 100 Index,^NDX,30417.24,0.01,2026-09-21,17:54:20
,HDFC Bank ADR,HDB,23.67,0.0,2026-09-21,17:54:20
,Infosys ADR,INFY,10.89,0.0,2026-09-21,17:54:20
,Dr. Reddy ADR,RDY,12.45,0.08,2026-09-21,17:54:20
,Gold Spot,GC=F,4388.7,0.01,2026-09-21,18:18:03
,Silver Spot,SI=F,66.51,0.06,2026-09-21,18:18:03
,Crude Oil Spot,CL=F,92.28,0.05,2026-09-21,18:18:03
,NASDAQ 100 Index,^NDX,30432.32,0.0,2026-09-21,18:18:03
,HDFC Bank ADR,HDB,23.64,0.0,2026-09-21,18:18:03
,ICICI Bank ADR,IBN,28.3,0.0,2026-09-21,18:18:03
,Dr. Reddy ADR,RDY,12.44,0.0,2026-09-21,18:18:03
,Gold Spot,GC=F,4385.7,-0.02,2026-09-21,18:46:31
,Silver Spot,SI=F,66.5,0.02,2026-09-21,18:46:31
,Crude Oil Spot,CL=F,92.34,0.1,2026-09-21,18:46:31
,NASDAQ 100 Index,^NDX,30458.69,-0.02,2026-09-21,18:46:31
,HDFC Bank ADR,HDB,23.67,0.0,2026-09-21,18:46:31
,Infosys ADR,INFY,10.9,0.0,2026-09-21,18:46:31
,ICICI Bank ADR,IBN,28.32,0.0,2026-09-21,18:46:31
,Dr. Reddy ADR,RDY,12.43,0.0,2026-09-21,18:46:31
,Gold Spot,GC=F,4380.7,-0.0,2026-09-21,19:14:34
,Silver Spot,SI=F,66.48,-0.02,2026-09-21,19:14:34
,Crude Oil Spot,CL=F,92.52,0.03,2026-09-21,19:14:34
,NASDAQ 100 Index,^NDX,30491.95,0.01,2026-09-21,19:14:34
,Infosys ADR,INFY,10.93,0.0,2026-09-21,19:14:34
,ICICI Bank ADR,IBN,28.31,-0.04,2026-09-21,19:14:34
,Dr. Reddy ADR,RDY,12.44,0.0,2026-09-21,19:14:34
,Gold Spot,GC=F,4384.3,0.02,2026-09-21,19:32:06
,Silver Spot,SI=F,66.57,-0.02,2026-09-21,19:32:06
,Crude Oil Spot,CL=F,92.48,0.0,2026-09-21,19:32:06
,NASDAQ 100 Index,^NDX,30509.65,0.0,2026-09-21,19:32:06
,HDFC Bank ADR,HDB,23.68,0.04,2026-09-21,19:32:06
,Infosys ADR,INFY,10.9,0.0,2026-09-21,19:32:06
,ICICI Bank ADR,IBN,28.32,0.0,2026-09-21,19:32:06
,Gold Spot,GC=F,4387.3,-0.01,2026-09-21,19:52:54
,Silver Spot,SI=F,66.67,-0.03,2026-09-21,19:52:54
,Crude Oil Spot,CL=F,92.0,0.0,2026-09-21,19:52:54
,NASDAQ 100 Index,^NDX,30499.1,0.01,2026-09-21,19:52:54
,HDFC Bank ADR,HDB,23.67,-0.04,2026-09-21,19:52:54
,ICICI Bank ADR,IBN,28.28,0.0,2026-09-21,19:52:54
,Dr. Reddy ADR,RDY,12.43,0.0,2026-09-21,19:52:54
,Gold Spot,GC=F,4381.3,0.01,2026-09-21,20:15:35
,Silver Spot,SI=F,66.52,-0.02,2026-09-21,20:15:35
,Crude Oil Spot,CL=F,91.96,-0.04,2026-09-21,20:15:35
,NASDAQ 100 Index,^NDX,30477.86,-0.06,2026-09-21,20:15:35
,Infosys ADR,INFY,10.89,0.0,2026-09-21,20:15:35
,Wipro ADR,WIT,1.68,0.6,2026-09-21,20:15:35
,ICICI Bank ADR,IBN,28.32,-0.04,2026-09-21,20:15:35
,Dr. Reddy ADR,RDY,12.41,0.08,2026-09-21,20:15:35
,Gold Spot,GC=F,4378.2,0.0,2026-09-21,20:41:30
,Silver Spot,SI=F,66.47,-0.02,2026-09-21,20:41:30
,Crude Oil Spot,CL=F,91.93,0.01,2026-09-21,20:41:30
,Gold Spot,GC=F,4380.2,0.0,2026-09-21,20:54:03
,Silver Spot,SI=F,66.49,-0.02,2026-09-21,20:54:03
,Crude Oil Spot,CL=F,92.16,0.01,2026-09-21,20:54:03
,Gold Spot,GC=F,4381.0,-0.02,2026-09-21,21:15:09
,Silver Spot,SI=F,66.53,-0.02,2026-09-21,21:15:09
,Crude Oil Spot,CL=F,91.97,0.01,2026-09-21,21:15:09
,Gold Spot,GC=F,4385.1,-0.02,2026-09-21,22:15:44
,Crude Oil Spot,CL=F,91.79,-0.02,2026-09-21,22:15:44
,Gold Spot,GC=F,4389.8,-0.0,2026-09-21,22:41:35
,Silver Spot,SI=F,66.68,-0.03,2026-09-21,22:41:35
,Crude Oil Spot,CL=F,91.96,0.0,2026-09-21,22:41:35
,Gold Spot,GC=F,4390.2,0.0,2026-09-21,22:54:26
,Silver Spot,SI=F,66.67,-0.01,2026-09-21,22:54:26
,Crude Oil Spot,CL=F,92.07,0.0,2026-09-21,22:54:26
,Gold Spot,GC=F,4402.6,-0.01,2026-09-21,23:14:28
,Silver Spot,SI=F,66.96,0.07,2026-09-21,23:14:28
,Crude Oil Spot,CL=F,92.11,-0.01,2026-09-21,23:14:28
,Gold Spot,GC=F,4397.1,-0.02,2026-09-21,23:31:17
,Silver Spot,SI=F,66.83,-0.06,2026-09-21,23:31:17
,Crude Oil Spot,CL=F,92.18,0.04,2026-09-21,23:31:17
,Gold Spot,GC=F,4404.6,-0.01,2026-09-21,23:53:25
,Silver Spot,SI=F,67.06,-0.03,2026-09-21,23:53:25
,Crude Oil Spot,CL=F,92.24,0.01,2026-09-21,23:53:25
,Gold Spot,GC=F,4411.0,0.0,2026-09-22,00:21:11
,Silver Spot,SI=F,67.26,0.0,2026-09-22,00:21:11
,Crude Oil Spot,CL=F,92.22,0.0,2026-09-22,00:21:11
,Gold Spot,GC=F,4392.7,-0.03,2026-09-22,00:47:21
,Silver Spot,SI=F,66.93,-0.04,2026-09-22,00:47:21
,Crude Oil Spot,CL=F,92.71,0.06,2026-09-22,00:47:21
,Gold Spot,GC=F,4400.3,0.08,2026-09-22,01:13:41
,Silver Spot,SI=F,67.03,0.19,2026-09-22,01:13:41
,Crude Oil Spot,CL=F,92.83,-0.02,2026-09-22,01:13:41
,Gold Spot,GC=F,4390.7,-0.01,2026-09-22,01:30:52
,Silver Spot,SI=F,66.96,0.03,2026-09-22,01:30:52
,Crude Oil Spot,CL=F,92.78,0.02,2026-09-22,01:30:52
,Gold Spot,GC=F,4391.3,-0.01,2026-09-22,01:53:02
,Silver Spot,SI=F,66.85,0.06,2026-09-22,01:53:02
,Crude Oil Spot,CL=F,92.95,0.0,2026-09-22,01:53:02
,Gold Spot,GC=F,4386.9,-0.08,2026-09-22,02:15:33
,Silver Spot,SI=F,66.8,-0.07,2026-09-22,02:15:33
,Crude Oil Spot,CL=F,92.84,-0.04,2026-09-22,02:15:33
,Gold Spot,GC=F,4390.6,0.05,2026-09-22,02:42:53
,Silver Spot,SI=F,66.78,-0.01,2026-09-22,02:42:53
,Crude Oil Spot,CL=F,92.94,-0.01,2026-09-22,02:42:53
,Gold Spot,GC=F,4384.0,0.0,2026-09-22,02:56:38
,Silver Spot,SI=F,66.69,-0.03,2026-09-22,02:56:38
,Crude Oil Spot,CL=F,92.96,0.0,2026-09-22,02:56:38
,Gold Spot,GC=F,4378.5,0.01,2026-09-22,03:18:09
,Silver Spot,SI=F,66.51,-0.03,2026-09-22,03:18:09
,Crude Oil Spot,CL=F,93.17,-0.01,2026-09-22,03:18:09
,Gold Spot,GC=F,4384.3,0.01,2026-09-22,03:43:21
,Silver Spot,SI=F,66.6,0.0,2026-09-22,03:43:21
,Crude Oil Spot,CL=F,93.12,0.01,2026-09-22,03:43:21
,Gold Spot,GC=F,4378.9,-0.02,2026-09-22,03:56:58
,Silver Spot,SI=F,66.51,-0.03,2026-09-22,03:56:58
,Crude Oil Spot,CL=F,92.96,0.01,2026-09-22,03:56:58
,Nifty 50 Index,^NSEI,23438.95,-0.03,2026-09-22,03:56:58
,Gold Spot,GC=F,4374.4,0.03,2026-09-22,04:17:57
,Silver Spot,SI=F,66.42,0.03,2026-09-22,04:17:57
,Crude Oil Spot,CL=F,93.09,-0.01,2026-09-22,04:17:57
,Nifty 50 Index,^NSEI,23460.2,0.0,2026-09-22,04:17:57
,Gold Spot,GC=F,4374.1,-0.0,2026-09-22,04:42:52
,Silver Spot,SI=F,66.45,-0.02,2026-09-22,04:42:52
,Crude Oil Spot,CL=F,93.24,0.01,2026-09-22,04:42:52
,Nifty 50 Index,^NSEI,23465.55,0.0,2026-09-22,04:42:52
,Gold Spot,GC=F,4376.9,0.0,2026-09-22,04:56:23
,Silver Spot,SI=F,66.48,0.0,2026-09-22,04:56:23
,Crude Oil Spot,CL=F,93.33,0.01,2026-09-22,04:56:23
,Nifty 50 Index,^NSEI,23438.5,-0.02,2026-09-22,04:56:23
